Date,RawTemperature,Temp
1850-01-01,-0.367,-0.0897
1850-02-01,-0.414,-0.1367
1850-03-01,-0.248,0.029299999999999993
1850-04-01,-1.014,-0.7367
1850-05-01,-0.704,-0.42669999999999997
1850-06-01,-0.319,-0.041700000000000015
1850-07-01,-0.223,0.05429999999999999
1850-08-01,-0.124,0.1533
1850-09-01,-0.37,-0.0927
1850-10-01,-0.286,-0.008699999999999986
1850-11-01,-0.036,0.2413
1850-12-01,-0.497,-0.2197
1851-01-01,-0.186,0.09129999999999999
1851-02-01,-0.274,0.0032999999999999696
1851-03-01,-0.318,-0.040700000000000014
1851-04-01,-0.609,-0.3317
1851-05-01,-0.195,0.08229999999999998
1851-06-01,-0.156,0.12129999999999999
1851-07-01,-0.134,0.14329999999999998
1851-08-01,-0.258,0.019299999999999984
1851-09-01,-0.208,0.0693
1851-10-01,-0.053,0.2243
1851-11-01,-0.209,0.0683
1851-12-01,-0.258,0.019299999999999984
1852-01-01,-0.447,-0.16970000000000002
1852-02-01,-0.327,-0.04970000000000002
1852-03-01,-0.476,-0.1987
1852-04-01,-0.49,-0.2127
1852-05-01,-0.143,0.1343
1852-06-01,-0.051,0.2263
1852-07-01,-0.025,0.25229999999999997
1852-08-01,-0.123,0.1543
1852-09-01,-0.106,0.1713
1852-10-01,-0.17,0.10729999999999998
1852-11-01,-0.064,0.2133
1852-12-01,-0.236,0.0413
1853-01-01,-0.331,-0.053700000000000025
1853-02-01,-0.263,0.01429999999999998
1853-03-01,-0.349,-0.07169999999999999
1853-04-01,-0.124,0.1533
1853-05-01,-0.177,0.1003
1853-06-01,-0.025,0.25229999999999997
1853-07-01,-0.083,0.19429999999999997
1853-08-01,-0.164,0.11329999999999998
1853-09-01,-0.359,-0.0817
1853-10-01,-0.278,-0.0007000000000000339
1853-11-01,-0.352,-0.07469999999999999
1853-12-01,-0.206,0.0713
1854-01-01,-0.361,-0.0837
1854-02-01,-0.453,-0.17570000000000002
1854-03-01,-0.226,0.051299999999999985
1854-04-01,-0.064,0.2133
1854-05-01,-0.463,-0.18570000000000003
1854-06-01,-0.262,0.01529999999999998
1854-07-01,-0.281,-0.0037000000000000366
1854-08-01,-0.094,0.1833
1854-09-01,-0.241,0.0363
1854-10-01,-0.161,0.11629999999999999
1854-11-01,-0.254,0.023299999999999987
1854-12-01,-0.376,-0.09870000000000001
1855-01-01,-0.266,0.011299999999999977
1855-02-01,-0.135,0.14229999999999998
1855-03-01,-0.09,0.1873
1855-04-01,-0.145,0.1323
1855-05-01,-0.196,0.08129999999999998
1855-06-01,-0.122,0.1553
1855-07-01,-0.331,-0.053700000000000025
1855-08-01,-0.105,0.1723
1855-09-01,-0.226,0.051299999999999985
1855-10-01,-0.078,0.19929999999999998
1855-11-01,-0.25,0.02729999999999999
1855-12-01,-0.335,-0.05770000000000003
1856-01-01,-0.258,0.019299999999999984
1856-02-01,-0.266,0.011299999999999977
1856-03-01,-0.11,0.1673
1856-04-01,-0.487,-0.2097
1856-05-01,-0.22,0.05729999999999999
1856-06-01,-0.301,-0.0237
1856-07-01,-0.299,-0.021699999999999997
1856-08-01,-0.386,-0.10870000000000002
1856-09-01,-0.528,-0.25070000000000003
1856-10-01,-0.498,-0.2207
1856-11-01,-0.529,-0.25170000000000003
1856-12-01,-0.825,-0.5477
1857-01-01,-0.499,-0.2217
1857-02-01,-0.593,-0.3157
1857-03-01,-0.568,-0.29069999999999996
1857-04-01,-0.617,-0.3397
1857-05-01,-0.419,-0.1417
1857-06-01,-0.408,-0.13069999999999998
1857-07-01,-0.463,-0.18570000000000003
1857-08-01,-0.395,-0.11770000000000003
1857-09-01,-0.366,-0.0887
1857-10-01,-0.429,-0.1517
1857-11-01,-0.247,0.030299999999999994
1857-12-01,-0.286,-0.008699999999999986
1858-01-01,-0.595,-0.3177
1858-02-01,-0.321,-0.04370000000000002
1858-03-01,-0.148,0.1293
1858-04-01,-0.408,-0.13069999999999998
1858-05-01,-0.48,-0.2027
1858-06-01,-0.452,-0.17470000000000002
1858-07-01,-0.336,-0.05870000000000003
1858-08-01,-0.29,-0.012699999999999989
1858-09-01,-0.435,-0.1577
1858-10-01,-0.445,-0.16770000000000002
1858-11-01,-0.515,-0.23770000000000002
1858-12-01,-0.426,-0.1487
1859-01-01,-0.544,-0.26670000000000005
1859-02-01,-0.33,-0.052700000000000025
1859-03-01,-0.262,0.01529999999999998
1859-04-01,-0.109,0.1683
1859-05-01,-0.178,0.0993
1859-06-01,-0.178,0.0993
1859-07-01,-0.437,-0.1597
1859-08-01,-0.268,0.009299999999999975
1859-09-01,-0.561,-0.28370000000000006
1859-10-01,-0.205,0.0723
1859-11-01,-0.305,-0.027700000000000002
1859-12-01,-0.404,-0.12670000000000003
1860-01-01,-0.384,-0.10670000000000002
1860-02-01,-0.21,0.0673
1860-03-01,-0.1,0.17729999999999999
1860-04-01,-0.066,0.2113
1860-05-01,-0.239,0.0383
1860-06-01,-0.25,0.02729999999999999
1860-07-01,-0.378,-0.10070000000000001
1860-08-01,-0.376,-0.09870000000000001
1860-09-01,-0.205,0.0723
1860-10-01,-0.364,-0.0867
1860-11-01,-0.361,-0.0837
1860-12-01,-0.611,-0.3337
1861-01-01,-0.383,-0.10570000000000002
1861-02-01,-0.816,-0.5387
1861-03-01,-0.328,-0.05070000000000002
1861-04-01,-0.043,0.2343
1861-05-01,-0.289,-0.011699999999999988
1861-06-01,-0.196,0.08129999999999998
1861-07-01,-0.304,-0.0267
1861-08-01,-0.236,0.0413
1861-09-01,-0.326,-0.04870000000000002
1861-10-01,-0.478,-0.2007
1861-11-01,-0.185,0.0923
1861-12-01,-0.334,-0.05670000000000003
1862-01-01,-0.654,-0.37670000000000003
1862-02-01,-0.69,-0.41269999999999996
1862-03-01,-0.52,-0.24270000000000003
1862-04-01,-0.483,-0.2057
1862-05-01,-0.305,-0.027700000000000002
1862-06-01,-0.339,-0.06170000000000003
1862-07-01,-0.47,-0.19269999999999998
1862-08-01,-0.39,-0.11270000000000002
1862-09-01,-0.394,-0.11670000000000003
1862-10-01,-0.341,-0.06370000000000003
1862-11-01,-0.276,0.0012999999999999678
1862-12-01,-0.708,-0.43069999999999997
1863-01-01,-0.494,-0.2167
1863-02-01,-0.444,-0.16670000000000001
1863-03-01,-0.258,0.019299999999999984
1863-04-01,-0.169,0.10829999999999998
1863-05-01,-0.362,-0.0847
1863-06-01,-0.531,-0.25370000000000004
1863-07-01,-0.386,-0.10870000000000002
1863-08-01,-0.566,-0.28869999999999996
1863-09-01,-0.578,-0.30069999999999997
1863-10-01,-0.466,-0.18870000000000003
1863-11-01,-0.309,-0.031700000000000006
1863-12-01,-0.297,-0.019699999999999995
1864-01-01,-0.538,-0.26070000000000004
1864-02-01,-0.587,-0.3097
1864-03-01,-0.452,-0.17470000000000002
1864-04-01,-0.637,-0.3597
1864-05-01,-0.329,-0.051700000000000024
1864-06-01,-0.108,0.1693
1864-07-01,-0.097,0.1803
1864-08-01,-0.424,-0.1467
1864-09-01,-0.388,-0.11070000000000002
1864-10-01,-0.297,-0.019699999999999995
1864-11-01,-0.218,0.05929999999999999
1864-12-01,-0.311,-0.03370000000000001
1865-01-01,-0.091,0.1863
1865-02-01,-0.055,0.2223
1865-03-01,-0.124,0.1533
1865-04-01,-0.116,0.1613
1865-05-01,-0.133,0.14429999999999998
1865-06-01,-0.032,0.2453
1865-07-01,0.11,0.3873
1865-08-01,-0.116,0.1613
1865-09-01,-0.054,0.2233
1865-10-01,-0.115,0.1623
1865-11-01,0.042,0.3193
1865-12-01,-0.161,0.11629999999999999
1866-01-01,-0.213,0.0643
1866-02-01,-0.197,0.08029999999999998
1866-03-01,-0.199,0.07829999999999998
1866-04-01,-0.332,-0.054700000000000026
1866-05-01,-0.652,-0.37470000000000003
1866-06-01,-0.248,0.029299999999999993
1866-07-01,-0.117,0.1603
1866-08-01,-0.259,0.018299999999999983
1866-09-01,-0.41,-0.13269999999999998
1866-10-01,-0.182,0.0953
1866-11-01,-0.003,0.2743
1866-12-01,0.071,0.3483
1867-01-01,-0.333,-0.05570000000000003
1867-02-01,-0.374,-0.09670000000000001
1867-03-01,-0.138,0.13929999999999998
1867-04-01,-0.374,-0.09670000000000001
1867-05-01,-0.275,0.0022999999999999687
1867-06-01,-0.329,-0.051700000000000024
1867-07-01,-0.286,-0.008699999999999986
1867-08-01,-0.486,-0.2087
1867-09-01,-0.231,0.04629999999999998
1867-10-01,-0.18,0.0973
1867-11-01,-0.128,0.1493
1867-12-01,-0.466,-0.18870000000000003
1868-01-01,-0.215,0.062299999999999994
1868-02-01,-0.323,-0.04570000000000002
1868-03-01,-0.239,0.0383
1868-04-01,-0.078,0.19929999999999998
1868-05-01,-0.039,0.23829999999999998
1868-06-01,-0.166,0.11129999999999998
1868-07-01,-0.018,0.2593
1868-08-01,-0.266,0.011299999999999977
1868-09-01,-0.083,0.19429999999999997
1868-10-01,0.139,0.4163
1868-11-01,-0.002,0.2753
1868-12-01,0.027,0.3043
1869-01-01,-0.172,0.1053
1869-02-01,-0.066,0.2113
1869-03-01,-0.219,0.05829999999999999
1869-04-01,-0.143,0.1343
1869-05-01,-0.091,0.1863
1869-06-01,-0.087,0.1903
1869-07-01,-0.295,-0.017699999999999994
1869-08-01,-0.45,-0.17270000000000002
1869-09-01,-0.277,0.00029999999999996696
1869-10-01,-0.384,-0.10670000000000002
1869-11-01,0.09,0.36729999999999996
1869-12-01,-0.418,-0.1407
1870-01-01,-0.456,-0.17870000000000003
1870-02-01,-0.272,0.005299999999999971
1870-03-01,-0.259,0.018299999999999983
1870-04-01,0.008,0.2853
1870-05-01,-0.274,0.0032999999999999696
1870-06-01,-0.179,0.0983
1870-07-01,-0.185,0.0923
1870-08-01,-0.248,0.029299999999999993
1870-09-01,-0.38,-0.10270000000000001
1870-10-01,-0.374,-0.09670000000000001
1870-11-01,-0.423,-0.1457
1870-12-01,-0.511,-0.23370000000000002
1871-01-01,-0.369,-0.0917
1871-02-01,-0.34,-0.06270000000000003
1871-03-01,-0.264,0.013299999999999979
1871-04-01,-0.216,0.06129999999999999
1871-05-01,-0.133,0.14429999999999998
1871-06-01,-0.123,0.1543
1871-07-01,-0.135,0.14229999999999998
1871-08-01,-0.287,-0.009699999999999986
1871-09-01,-0.419,-0.1417
1871-10-01,-0.297,-0.019699999999999995
1871-11-01,-0.326,-0.04870000000000002
1871-12-01,-0.244,0.033299999999999996
1872-01-01,-0.192,0.08529999999999999
1872-02-01,-0.197,0.08029999999999998
1872-03-01,-0.299,-0.021699999999999997
1872-04-01,-0.373,-0.09570000000000001
1872-05-01,-0.106,0.1713
1872-06-01,-0.315,-0.03770000000000001
1872-07-01,-0.162,0.11529999999999999
1872-08-01,0.042,0.3193
1872-09-01,-0.118,0.1593
1872-10-01,-0.365,-0.0877
1872-11-01,-0.42,-0.1427
1872-12-01,-0.273,0.0042999999999999705
1873-01-01,-0.241,0.0363
1873-02-01,-0.174,0.1033
1873-03-01,-0.124,0.1533
1873-04-01,-0.317,-0.03970000000000001
1873-05-01,-0.271,0.006299999999999972
1873-06-01,-0.311,-0.03370000000000001
1873-07-01,-0.176,0.1013
1873-08-01,-0.138,0.13929999999999998
1873-09-01,-0.366,-0.0887
1873-10-01,-0.454,-0.17670000000000002
1873-11-01,-0.263,0.01429999999999998
1873-12-01,-0.134,0.14329999999999998
1874-01-01,-0.138,0.13929999999999998
1874-02-01,-0.437,-0.1597
1874-03-01,-0.495,-0.2177
1874-04-01,-0.494,-0.2167
1874-05-01,-0.473,-0.19569999999999999
1874-06-01,-0.541,-0.26370000000000005
1874-07-01,-0.299,-0.021699999999999997
1874-08-01,-0.269,0.008299999999999974
1874-09-01,-0.155,0.12229999999999999
1874-10-01,-0.504,-0.2267
1874-11-01,-0.396,-0.11870000000000003
1874-12-01,-0.332,-0.054700000000000026
1875-01-01,-0.175,0.1023
1875-02-01,-0.188,0.08929999999999999
1875-03-01,-0.496,-0.2187
1875-04-01,-0.389,-0.11170000000000002
1875-05-01,-0.267,0.010299999999999976
1875-06-01,-0.36,-0.0827
1875-07-01,-0.242,0.0353
1875-08-01,-0.251,0.02629999999999999
1875-09-01,-0.144,0.1333
1875-10-01,-0.08,0.19729999999999998
1875-11-01,-0.234,0.04329999999999998
1875-12-01,-0.368,-0.0907
1876-01-01,-0.272,0.005299999999999971
1876-02-01,-0.279,-0.0017000000000000348
1876-03-01,-0.15,0.1273
1876-04-01,-0.298,-0.020699999999999996
1876-05-01,-0.493,-0.2157
1876-06-01,-0.349,-0.07169999999999999
1876-07-01,-0.083,0.19429999999999997
1876-08-01,-0.356,-0.07869999999999999
1876-09-01,-0.352,-0.07469999999999999
1876-10-01,-0.153,0.1243
1876-11-01,-0.283,-0.005699999999999983
1876-12-01,-0.232,0.04529999999999998
1877-01-01,-0.029,0.2483
1877-02-01,0.097,0.37429999999999997
1877-03-01,-0.009,0.2683
1877-04-01,-0.09,0.1873
1877-05-01,-0.035,0.2423
1877-06-01,-0.071,0.20629999999999998
1877-07-01,0.084,0.3613
1877-08-01,0.035,0.3123
1877-09-01,0.053,0.3303
1877-10-01,0.027,0.3043
1877-11-01,0.121,0.3983
1877-12-01,0.13,0.4073
1878-01-01,0.085,0.3623
1878-02-01,0.185,0.4623
1878-03-01,0.263,0.5403
1878-04-01,0.29,0.5672999999999999
1878-05-01,0.003,0.2803
1878-06-01,-0.073,0.20429999999999998
1878-07-01,0.111,0.3883
1878-08-01,0.01,0.2873
1878-09-01,0.015,0.2923
1878-10-01,-0.054,0.2233
1878-11-01,-0.073,0.20429999999999998
1878-12-01,-0.037,0.24029999999999999
1879-01-01,0.05,0.3273
1879-02-01,-0.102,0.1753
1879-03-01,-0.042,0.23529999999999998
1879-04-01,-0.132,0.14529999999999998
1879-05-01,-0.191,0.08629999999999999
1879-06-01,-0.345,-0.06769999999999998
1879-07-01,-0.365,-0.0877
1879-08-01,-0.311,-0.03370000000000001
1879-09-01,-0.352,-0.07469999999999999
1879-10-01,-0.11,0.1673
1879-11-01,-0.208,0.0693
1879-12-01,-0.36,-0.0827
1880-01-01,-0.386,-0.10870000000000002
1880-02-01,-0.373,-0.09570000000000001
1880-03-01,-0.193,0.08429999999999999
1880-04-01,-0.225,0.052299999999999985
1880-05-01,-0.119,0.1583
1880-06-01,-0.329,-0.051700000000000024
1880-07-01,-0.288,-0.010699999999999987
1880-08-01,-0.16,0.11729999999999999
1880-09-01,-0.264,0.013299999999999979
1880-10-01,-0.241,0.0363
1880-11-01,-0.063,0.2143
1880-12-01,0.045,0.3223
1881-01-01,-0.164,0.11329999999999998
1881-02-01,0.055,0.3323
1881-03-01,-0.18,0.0973
1881-04-01,-0.036,0.2413
1881-05-01,-0.042,0.23529999999999998
1881-06-01,-0.328,-0.05070000000000002
1881-07-01,-0.203,0.07429999999999998
1881-08-01,-0.159,0.11829999999999999
1881-09-01,-0.311,-0.03370000000000001
1881-10-01,-0.193,0.08429999999999999
1881-11-01,-0.336,-0.05870000000000003
1881-12-01,-0.189,0.08829999999999999
1882-01-01,0.003,0.2803
1882-02-01,-0.188,0.08929999999999999
1882-03-01,-0.091,0.1863
1882-04-01,-0.185,0.0923
1882-05-01,-0.235,0.042300000000000004
1882-06-01,-0.358,-0.0807
1882-07-01,-0.292,-0.01469999999999999
1882-08-01,-0.27,0.007299999999999973
1882-09-01,-0.24,0.0373
1882-10-01,-0.208,0.0693
1882-11-01,-0.258,0.019299999999999984
1882-12-01,-0.348,-0.07069999999999999
1883-01-01,-0.319,-0.041700000000000015
1883-02-01,-0.235,0.042300000000000004
1883-03-01,-0.118,0.1593
1883-04-01,-0.249,0.028299999999999992
1883-05-01,-0.259,0.018299999999999983
1883-06-01,-0.215,0.062299999999999994
1883-07-01,-0.348,-0.07069999999999999
1883-08-01,-0.356,-0.07869999999999999
1883-09-01,-0.28,-0.0027000000000000357
1883-10-01,-0.383,-0.10570000000000002
1883-11-01,-0.318,-0.040700000000000014
1883-12-01,-0.341,-0.06370000000000003
1884-01-01,-0.343,-0.06570000000000004
1884-02-01,-0.101,0.17629999999999998
1884-03-01,-0.299,-0.021699999999999997
1884-04-01,-0.457,-0.17970000000000003
1884-05-01,-0.46,-0.18270000000000003
1884-06-01,-0.451,-0.17370000000000002
1884-07-01,-0.549,-0.27170000000000005
1884-08-01,-0.573,-0.29569999999999996
1884-09-01,-0.586,-0.3087
1884-10-01,-0.332,-0.054700000000000026
1884-11-01,-0.454,-0.17670000000000002
1884-12-01,-0.333,-0.05570000000000003
1885-01-01,-0.428,-0.1507
1885-02-01,-0.422,-0.1447
1885-03-01,-0.419,-0.1417
1885-04-01,-0.426,-0.1487
1885-05-01,-0.445,-0.16770000000000002
1885-06-01,-0.63,-0.3527
1885-07-01,-0.541,-0.26370000000000005
1885-08-01,-0.479,-0.2017
1885-09-01,-0.375,-0.09770000000000001
1885-10-01,-0.227,0.050299999999999984
1885-11-01,-0.298,-0.020699999999999996
1885-12-01,-0.164,0.11329999999999998
1886-01-01,-0.467,-0.18970000000000004
1886-02-01,-0.386,-0.10870000000000002
1886-03-01,-0.377,-0.09970000000000001
1886-04-01,-0.254,0.023299999999999987
1886-05-01,-0.34,-0.06270000000000003
1886-06-01,-0.558,-0.28070000000000006
1886-07-01,-0.367,-0.0897
1886-08-01,-0.431,-0.1537
1886-09-01,-0.435,-0.1577
1886-10-01,-0.402,-0.12470000000000003
1886-11-01,-0.474,-0.19669999999999999
1886-12-01,-0.393,-0.11570000000000003
1887-01-01,-0.669,-0.39170000000000005
1887-02-01,-0.618,-0.3407
1887-03-01,-0.439,-0.1617
1887-04-01,-0.356,-0.07869999999999999
1887-05-01,-0.532,-0.25470000000000004
1887-06-01,-0.559,-0.28170000000000006
1887-07-01,-0.365,-0.0877
1887-08-01,-0.541,-0.26370000000000005
1887-09-01,-0.484,-0.2067
1887-10-01,-0.367,-0.0897
1887-11-01,-0.392,-0.11470000000000002
1887-12-01,-0.326,-0.04870000000000002
1888-01-01,-0.419,-0.1417
1888-02-01,-0.47,-0.19269999999999998
1888-03-01,-0.398,-0.12070000000000003
1888-04-01,-0.378,-0.10070000000000001
1888-05-01,-0.315,-0.03770000000000001
1888-06-01,-0.198,0.07929999999999998
1888-07-01,-0.38,-0.10270000000000001
1888-08-01,-0.322,-0.04470000000000002
1888-09-01,-0.239,0.0383
1888-10-01,-0.078,0.19929999999999998
1888-11-01,-0.118,0.1593
1888-12-01,-0.03,0.2473
1889-01-01,-0.05,0.2273
1889-02-01,0.091,0.36829999999999996
1889-03-01,0.161,0.4383
1889-04-01,0.025,0.3023
1889-05-01,-0.077,0.20029999999999998
1889-06-01,-0.259,0.018299999999999983
1889-07-01,-0.235,0.042300000000000004
1889-08-01,-0.334,-0.05670000000000003
1889-09-01,-0.391,-0.11370000000000002
1889-10-01,-0.285,-0.007699999999999985
1889-11-01,-0.344,-0.06669999999999998
1889-12-01,-0.163,0.11429999999999998
1890-01-01,-0.407,-0.12969999999999998
1890-02-01,-0.302,-0.0247
1890-03-01,-0.422,-0.1447
1890-04-01,-0.313,-0.03570000000000001
1890-05-01,-0.369,-0.0917
1890-06-01,-0.451,-0.17370000000000002
1890-07-01,-0.525,-0.24770000000000003
1890-08-01,-0.501,-0.2237
1890-09-01,-0.496,-0.2187
1890-10-01,-0.284,-0.006699999999999984
1890-11-01,-0.53,-0.25270000000000004
1890-12-01,-0.329,-0.051700000000000024
1891-01-01,-0.373,-0.09570000000000001
1891-02-01,-0.486,-0.2087
1891-03-01,-0.251,0.02629999999999999
1891-04-01,-0.242,0.0353
1891-05-01,-0.212,0.0653
1891-06-01,-0.23,0.04729999999999998
1891-07-01,-0.457,-0.17970000000000003
1891-08-01,-0.349,-0.07169999999999999
1891-09-01,-0.254,0.023299999999999987
1891-10-01,-0.241,0.0363
1891-11-01,-0.367,-0.0897
1891-12-01,-0.209,0.0683
1892-01-01,-0.195,0.08229999999999998
1892-02-01,-0.228,0.04929999999999998
1892-03-01,-0.364,-0.0867
1892-04-01,-0.398,-0.12070000000000003
1892-05-01,-0.384,-0.10670000000000002
1892-06-01,-0.506,-0.22870000000000001
1892-07-01,-0.566,-0.28869999999999996
1892-08-01,-0.508,-0.23070000000000002
1892-09-01,-0.435,-0.1577
1892-10-01,-0.408,-0.13069999999999998
1892-11-01,-0.622,-0.3447
1892-12-01,-0.513,-0.23570000000000002
1893-01-01,-0.723,-0.4457
1893-02-01,-0.546,-0.26870000000000005
1893-03-01,-0.333,-0.05570000000000003
1893-04-01,-0.384,-0.10670000000000002
1893-05-01,-0.371,-0.0937
1893-06-01,-0.356,-0.07869999999999999
1893-07-01,-0.234,0.04329999999999998
1893-08-01,-0.401,-0.12370000000000003
1893-09-01,-0.382,-0.10470000000000002
1893-10-01,-0.267,0.010299999999999976
1893-11-01,-0.335,-0.05770000000000003
1893-12-01,-0.312,-0.03470000000000001
1894-01-01,-0.498,-0.2207
1894-02-01,-0.413,-0.1357
1894-03-01,-0.355,-0.07769999999999999
1894-04-01,-0.26,0.017299999999999982
1894-05-01,-0.324,-0.04670000000000002
1894-06-01,-0.45,-0.17270000000000002
1894-07-01,-0.267,0.010299999999999976
1894-08-01,-0.213,0.0643
1894-09-01,-0.359,-0.0817
1894-10-01,-0.333,-0.05570000000000003
1894-11-01,-0.301,-0.0237
1894-12-01,-0.441,-0.1637
1895-01-01,-0.425,-0.1477
1895-02-01,-0.457,-0.17970000000000003
1895-03-01,-0.334,-0.05670000000000003
1895-04-01,-0.271,0.006299999999999972
1895-05-01,-0.237,0.0403
1895-06-01,-0.279,-0.0017000000000000348
1895-07-01,-0.16,0.11729999999999999
1895-08-01,-0.252,0.02529999999999999
1895-09-01,-0.298,-0.020699999999999996
1895-10-01,-0.224,0.053299999999999986
1895-11-01,-0.18,0.0973
1895-12-01,-0.254,0.023299999999999987
1896-01-01,-0.152,0.1253
1896-02-01,-0.22,0.05729999999999999
1896-03-01,-0.219,0.05829999999999999
1896-04-01,-0.268,0.009299999999999975
1896-05-01,-0.169,0.10829999999999998
1896-06-01,-0.065,0.2123
1896-07-01,-0.126,0.1513
1896-08-01,-0.06,0.2173
1896-09-01,-0.206,0.0713
1896-10-01,-0.07,0.20729999999999998
1896-11-01,-0.164,0.11329999999999998
1896-12-01,0.029,0.3063
1897-01-01,-0.085,0.19229999999999997
1897-02-01,-0.215,0.062299999999999994
1897-03-01,-0.149,0.1283
1897-04-01,0.004,0.2813
1897-05-01,-0.041,0.23629999999999998
1897-06-01,-0.131,0.14629999999999999
1897-07-01,-0.064,0.2133
1897-08-01,-0.076,0.20129999999999998
1897-09-01,-0.183,0.0943
1897-10-01,-0.09,0.1873
1897-11-01,-0.193,0.08429999999999999
1897-12-01,-0.157,0.12029999999999999
1898-01-01,-0.082,0.19529999999999997
1898-02-01,-0.334,-0.05670000000000003
1898-03-01,-0.412,-0.1347
1898-04-01,-0.32,-0.042700000000000016
1898-05-01,-0.333,-0.05570000000000003
1898-06-01,-0.248,0.029299999999999993
1898-07-01,-0.272,0.005299999999999971
1898-08-01,-0.336,-0.05870000000000003
1898-09-01,-0.249,0.028299999999999992
1898-10-01,-0.355,-0.07769999999999999
1898-11-01,-0.304,-0.0267
1898-12-01,-0.36,-0.0827
1899-01-01,-0.262,0.01529999999999998
1899-02-01,-0.295,-0.017699999999999994
1899-03-01,-0.315,-0.03770000000000001
1899-04-01,-0.279,-0.0017000000000000348
1899-05-01,-0.186,0.09129999999999999
1899-06-01,-0.347,-0.06969999999999998
1899-07-01,-0.233,0.04429999999999998
1899-08-01,-0.143,0.1343
1899-09-01,-0.111,0.1663
1899-10-01,-0.052,0.2253
1899-11-01,0.041,0.31829999999999997
1899-12-01,-0.142,0.1353
1900-01-01,-0.205,0.0723
1900-02-01,0.118,0.3953
1900-03-01,-0.065,0.2123
1900-04-01,-0.129,0.1483
1900-05-01,-0.156,0.12129999999999999
1900-06-01,-0.066,0.2113
1900-07-01,-0.17,0.10729999999999998
1900-08-01,-0.159,0.11829999999999999
1900-09-01,-0.123,0.1543
1900-10-01,0.039,0.31629999999999997
1900-11-01,-0.118,0.1593
1900-12-01,-0.046,0.2313
1901-01-01,-0.2,0.07729999999999998
1901-02-01,-0.11,0.1673
1901-03-01,-0.119,0.1583
1901-04-01,-0.069,0.20829999999999999
1901-05-01,-0.035,0.2423
1901-06-01,-0.138,0.13929999999999998
1901-07-01,-0.172,0.1053
1901-08-01,-0.179,0.0983
1901-09-01,-0.256,0.021299999999999986
1901-10-01,-0.281,-0.0037000000000000366
1901-11-01,-0.294,-0.016699999999999993
1901-12-01,-0.198,0.07929999999999998
1902-01-01,-0.239,0.0383
1902-02-01,-0.086,0.1913
1902-03-01,-0.345,-0.06769999999999998
1902-04-01,-0.311,-0.03370000000000001
1902-05-01,-0.306,-0.028700000000000003
1902-06-01,-0.314,-0.03670000000000001
1902-07-01,-0.317,-0.03970000000000001
1902-08-01,-0.371,-0.0937
1902-09-01,-0.318,-0.040700000000000014
1902-10-01,-0.454,-0.17670000000000002
1902-11-01,-0.42,-0.1427
1902-12-01,-0.409,-0.13169999999999998
1903-01-01,-0.206,0.0713
1903-02-01,-0.229,0.04829999999999998
1903-03-01,-0.237,0.0403
1903-04-01,-0.528,-0.25070000000000003
1903-05-01,-0.4,-0.12270000000000003
1903-06-01,-0.361,-0.0837
1903-07-01,-0.449,-0.17170000000000002
1903-08-01,-0.638,-0.3607
1903-09-01,-0.481,-0.2037
1903-10-01,-0.519,-0.24170000000000003
1903-11-01,-0.541,-0.26370000000000005
1903-12-01,-0.533,-0.25570000000000004
1904-01-01,-0.659,-0.38170000000000004
1904-02-01,-0.647,-0.36970000000000003
1904-03-01,-0.489,-0.2117
1904-04-01,-0.5,-0.2227
1904-05-01,-0.508,-0.23070000000000002
1904-06-01,-0.451,-0.17370000000000002
1904-07-01,-0.474,-0.19669999999999999
1904-08-01,-0.453,-0.17570000000000002
1904-09-01,-0.543,-0.26570000000000005
1904-10-01,-0.438,-0.1607
1904-11-01,-0.282,-0.004699999999999982
1904-12-01,-0.36,-0.0827
1905-01-01,-0.428,-0.1507
1905-02-01,-0.635,-0.3577
1905-03-01,-0.455,-0.17770000000000002
1905-04-01,-0.498,-0.2207
1905-05-01,-0.314,-0.03670000000000001
1905-06-01,-0.246,0.031299999999999994
1905-07-01,-0.205,0.0723
1905-08-01,-0.308,-0.030700000000000005
1905-09-01,-0.347,-0.06969999999999998
1905-10-01,-0.263,0.01429999999999998
1905-11-01,-0.269,0.008299999999999974
1905-12-01,-0.159,0.11829999999999999
1906-01-01,-0.242,0.0353
1906-02-01,-0.262,0.01529999999999998
1906-03-01,-0.135,0.14229999999999998
1906-04-01,-0.048,0.2293
1906-05-01,-0.338,-0.06070000000000003
1906-06-01,-0.151,0.1263
1906-07-01,-0.181,0.0963
1906-08-01,-0.261,0.01629999999999998
1906-09-01,-0.316,-0.03870000000000001
1906-10-01,-0.195,0.08229999999999998
1906-11-01,-0.34,-0.06270000000000003
1906-12-01,-0.228,0.04929999999999998
1907-01-01,-0.43,-0.1527
1907-02-01,-0.505,-0.2277
1907-03-01,-0.296,-0.018699999999999994
1907-04-01,-0.407,-0.12969999999999998
1907-05-01,-0.543,-0.26570000000000005
1907-06-01,-0.446,-0.16870000000000002
1907-07-01,-0.383,-0.10570000000000002
1907-08-01,-0.44,-0.1627
1907-09-01,-0.419,-0.1417
1907-10-01,-0.237,0.0403
1907-11-01,-0.473,-0.19569999999999999
1907-12-01,-0.416,-0.1387
1908-01-01,-0.468,-0.19070000000000004
1908-02-01,-0.367,-0.0897
1908-03-01,-0.611,-0.3337
1908-04-01,-0.585,-0.3077
1908-05-01,-0.428,-0.1507
1908-06-01,-0.429,-0.1517
1908-07-01,-0.323,-0.04570000000000002
1908-08-01,-0.494,-0.2167
1908-09-01,-0.386,-0.10870000000000002
1908-10-01,-0.399,-0.12170000000000003
1908-11-01,-0.545,-0.26770000000000005
1908-12-01,-0.529,-0.25170000000000003
1909-01-01,-0.687,-0.40970000000000006
1909-02-01,-0.479,-0.2017
1909-03-01,-0.564,-0.28669999999999995
1909-04-01,-0.583,-0.30569999999999997
1909-05-01,-0.52,-0.24270000000000003
1909-06-01,-0.462,-0.18470000000000003
1909-07-01,-0.515,-0.23770000000000002
1909-08-01,-0.31,-0.03270000000000001
1909-09-01,-0.387,-0.10970000000000002
1909-10-01,-0.395,-0.11770000000000003
1909-11-01,-0.356,-0.07869999999999999
1909-12-01,-0.432,-0.1547
1910-01-01,-0.373,-0.09570000000000001
1910-02-01,-0.44,-0.1627
1910-03-01,-0.507,-0.22970000000000002
1910-04-01,-0.539,-0.26170000000000004
1910-05-01,-0.391,-0.11370000000000002
1910-06-01,-0.472,-0.19469999999999998
1910-07-01,-0.344,-0.06669999999999998
1910-08-01,-0.423,-0.1457
1910-09-01,-0.434,-0.1567
1910-10-01,-0.375,-0.09770000000000001
1910-11-01,-0.553,-0.27570000000000006
1910-12-01,-0.598,-0.3207
1911-01-01,-0.543,-0.26570000000000005
1911-02-01,-0.646,-0.3687
1911-03-01,-0.591,-0.3137
1911-04-01,-0.566,-0.28869999999999996
1911-05-01,-0.498,-0.2207
1911-06-01,-0.519,-0.24170000000000003
1911-07-01,-0.508,-0.23070000000000002
1911-08-01,-0.465,-0.18770000000000003
1911-09-01,-0.455,-0.17770000000000002
1911-10-01,-0.249,0.028299999999999992
1911-11-01,-0.249,0.028299999999999992
1911-12-01,-0.14,0.13729999999999998
1912-01-01,-0.22,0.05729999999999999
1912-02-01,-0.165,0.11229999999999998
1912-03-01,-0.353,-0.07569999999999999
1912-04-01,-0.269,0.008299999999999974
1912-05-01,-0.287,-0.009699999999999986
1912-06-01,-0.204,0.0733
1912-07-01,-0.327,-0.04970000000000002
1912-08-01,-0.524,-0.24670000000000003
1912-09-01,-0.548,-0.27070000000000005
1912-10-01,-0.518,-0.24070000000000003
1912-11-01,-0.377,-0.09970000000000001
1912-12-01,-0.416,-0.1387
1913-01-01,-0.463,-0.18570000000000003
1913-02-01,-0.492,-0.2147
1913-03-01,-0.47,-0.19269999999999998
1913-04-01,-0.344,-0.06669999999999998
1913-05-01,-0.451,-0.17370000000000002
1913-06-01,-0.409,-0.13169999999999998
1913-07-01,-0.396,-0.11870000000000003
1913-08-01,-0.357,-0.0797
1913-09-01,-0.441,-0.1637
1913-10-01,-0.314,-0.03670000000000001
1913-11-01,-0.182,0.0953
1913-12-01,0.038,0.31529999999999997
1914-01-01,-0.081,0.19629999999999997
1914-02-01,-0.229,0.04829999999999998
1914-03-01,-0.358,-0.0807
1914-04-01,-0.341,-0.06370000000000003
1914-05-01,-0.32,-0.042700000000000016
1914-06-01,-0.259,0.018299999999999983
1914-07-01,-0.168,0.10929999999999998
1914-08-01,-0.153,0.1243
1914-09-01,-0.253,0.02429999999999999
1914-10-01,0.003,0.2803
1914-11-01,-0.118,0.1593
1914-12-01,-0.111,0.1663
1915-01-01,-0.221,0.05629999999999999
1915-02-01,-0.169,0.10829999999999998
1915-03-01,-0.019,0.2583
1915-04-01,-0.086,0.1913
1915-05-01,-0.048,0.2293
1915-06-01,-0.089,0.1883
1915-07-01,-0.118,0.1593
1915-08-01,-0.106,0.1713
1915-09-01,-0.221,0.05629999999999999
1915-10-01,-0.143,0.1343
1915-11-01,-0.064,0.2133
1915-12-01,-0.238,0.0393
1916-01-01,-0.202,0.07529999999999998
1916-02-01,-0.116,0.1613
1916-03-01,-0.328,-0.05070000000000002
1916-04-01,-0.294,-0.016699999999999993
1916-05-01,-0.306,-0.028700000000000003
1916-06-01,-0.377,-0.09970000000000001
1916-07-01,-0.286,-0.008699999999999986
1916-08-01,-0.296,-0.018699999999999994
1916-09-01,-0.394,-0.11670000000000003
1916-10-01,-0.461,-0.18370000000000003
1916-11-01,-0.532,-0.25470000000000004
1916-12-01,-0.66,-0.38270000000000004
1917-01-01,-0.617,-0.3397
1917-02-01,-0.683,-0.40570000000000006
1917-03-01,-0.806,-0.5287000000000001
1917-04-01,-0.497,-0.2197
1917-05-01,-0.581,-0.30369999999999997
1917-06-01,-0.418,-0.1407
1917-07-01,-0.218,0.05929999999999999
1917-08-01,-0.257,0.020299999999999985
1917-09-01,-0.224,0.053299999999999986
1917-10-01,-0.4,-0.12270000000000003
1917-11-01,-0.471,-0.19369999999999998
1917-12-01,-0.718,-0.4407
1918-01-01,-0.501,-0.2237
1918-02-01,-0.601,-0.3237
1918-03-01,-0.491,-0.2137
1918-04-01,-0.469,-0.19169999999999998
1918-05-01,-0.464,-0.18670000000000003
1918-06-01,-0.383,-0.10570000000000002
1918-07-01,-0.288,-0.010699999999999987
1918-08-01,-0.403,-0.12570000000000003
1918-09-01,-0.234,0.04329999999999998
1918-10-01,-0.059,0.2183
1918-11-01,-0.097,0.1803
1918-12-01,-0.242,0.0353
1919-01-01,-0.229,0.04829999999999998
1919-02-01,-0.18,0.0973
1919-03-01,-0.367,-0.0897
1919-04-01,-0.17,0.10729999999999998
1919-05-01,-0.26,0.017299999999999982
1919-06-01,-0.303,-0.0257
1919-07-01,-0.329,-0.051700000000000024
1919-08-01,-0.339,-0.06170000000000003
1919-09-01,-0.326,-0.04870000000000002
1919-10-01,-0.28,-0.0027000000000000357
1919-11-01,-0.375,-0.09770000000000001
1919-12-01,-0.371,-0.0937
1920-01-01,-0.199,0.07829999999999998
1920-02-01,-0.299,-0.021699999999999997
1920-03-01,-0.163,0.11429999999999998
1920-04-01,-0.253,0.02429999999999999
1920-05-01,-0.222,0.05529999999999999
1920-06-01,-0.185,0.0923
1920-07-01,-0.283,-0.005699999999999983
1920-08-01,-0.207,0.0703
1920-09-01,-0.139,0.13829999999999998
1920-10-01,-0.168,0.10929999999999998
1920-11-01,-0.183,0.0943
1920-12-01,-0.361,-0.0837
1921-01-01,-0.198,0.07929999999999998
1921-02-01,-0.194,0.08329999999999999
1921-03-01,-0.321,-0.04370000000000002
1921-04-01,-0.269,0.008299999999999974
1921-05-01,-0.301,-0.0237
1921-06-01,-0.204,0.0733
1921-07-01,-0.079,0.19829999999999998
1921-08-01,-0.162,0.11529999999999999
1921-09-01,-0.184,0.0933
1921-10-01,-0.058,0.2193
1921-11-01,-0.123,0.1543
1921-12-01,-0.116,0.1613
1922-01-01,-0.29,-0.012699999999999989
1922-02-01,-0.323,-0.04570000000000002
1922-03-01,-0.21,0.0673
1922-04-01,-0.145,0.1323
1922-05-01,-0.333,-0.05570000000000003
1922-06-01,-0.324,-0.04670000000000002
1922-07-01,-0.185,0.0923
1922-08-01,-0.317,-0.03970000000000001
1922-09-01,-0.314,-0.03670000000000001
1922-10-01,-0.272,0.005299999999999971
1922-11-01,-0.224,0.053299999999999986
1922-12-01,-0.26,0.017299999999999982
1923-01-01,-0.26,0.017299999999999982
1923-02-01,-0.374,-0.09670000000000001
1923-03-01,-0.391,-0.11370000000000002
1923-04-01,-0.336,-0.05870000000000003
1923-05-01,-0.264,0.013299999999999979
1923-06-01,-0.164,0.11329999999999998
1923-07-01,-0.268,0.009299999999999975
1923-08-01,-0.272,0.005299999999999971
1923-09-01,-0.298,-0.020699999999999996
1923-10-01,-0.064,0.2133
1923-11-01,0.03,0.3073
1923-12-01,0.061,0.3383
1924-01-01,-0.248,0.029299999999999993
1924-02-01,-0.149,0.1283
1924-03-01,-0.055,0.2223
1924-04-01,-0.289,-0.011699999999999988
1924-05-01,-0.16,0.11729999999999999
1924-06-01,-0.166,0.11129999999999998
1924-07-01,-0.241,0.0363
1924-08-01,-0.356,-0.07869999999999999
1924-09-01,-0.286,-0.008699999999999986
1924-10-01,-0.252,0.02529999999999999
1924-11-01,-0.2,0.07729999999999998
1924-12-01,-0.362,-0.0847
1925-01-01,-0.411,-0.13369999999999999
1925-02-01,-0.436,-0.1587
1925-03-01,-0.285,-0.007699999999999985
1925-04-01,-0.241,0.0363
1925-05-01,-0.184,0.0933
1925-06-01,-0.246,0.031299999999999994
1925-07-01,-0.235,0.042300000000000004
1925-08-01,-0.177,0.1003
1925-09-01,-0.188,0.08929999999999999
1925-10-01,-0.071,0.20629999999999998
1925-11-01,-0.022,0.25529999999999997
1925-12-01,0.071,0.3483
1926-01-01,0.153,0.4303
1926-02-01,-0.028,0.2493
1926-03-01,0.041,0.31829999999999997
1926-04-01,-0.108,0.1693
1926-05-01,-0.193,0.08429999999999999
1926-06-01,-0.138,0.13929999999999998
1926-07-01,-0.232,0.04529999999999998
1926-08-01,-0.155,0.12229999999999999
1926-09-01,-0.094,0.1833
1926-10-01,0.039,0.31629999999999997
1926-11-01,-0.039,0.23829999999999998
1926-12-01,-0.199,0.07829999999999998
1927-01-01,-0.24,0.0373
1927-02-01,-0.123,0.1543
1927-03-01,-0.302,-0.0247
1927-04-01,-0.283,-0.005699999999999983
1927-05-01,-0.162,0.11529999999999999
1927-06-01,-0.21,0.0673
1927-07-01,-0.08,0.19729999999999998
1927-08-01,-0.087,0.1903
1927-09-01,-0.12,0.1573
1927-10-01,0.134,0.4113
1927-11-01,-0.015,0.2623
1927-12-01,-0.271,0.006299999999999972
1928-01-01,0.013,0.2903
1928-02-01,-0.1,0.17729999999999999
1928-03-01,-0.239,0.0383
1928-04-01,-0.184,0.0933
1928-05-01,-0.21,0.0673
1928-06-01,-0.245,0.032299999999999995
1928-07-01,-0.172,0.1053
1928-08-01,-0.187,0.09029999999999999
1928-09-01,-0.152,0.1253
1928-10-01,-0.106,0.1713
1928-11-01,-0.157,0.12029999999999999
1928-12-01,-0.097,0.1803
1929-01-01,-0.321,-0.04370000000000002
1929-02-01,-0.452,-0.17470000000000002
1929-03-01,-0.389,-0.11170000000000002
1929-04-01,-0.412,-0.1347
1929-05-01,-0.384,-0.10670000000000002
1929-06-01,-0.235,0.042300000000000004
1929-07-01,-0.36,-0.0827
1929-08-01,-0.187,0.09029999999999999
1929-09-01,-0.27,0.007299999999999973
1929-10-01,-0.13,0.1473
1929-11-01,-0.08,0.19729999999999998
1929-12-01,-0.417,-0.1397
1930-01-01,-0.243,0.0343
1930-02-01,-0.26,0.017299999999999982
1930-03-01,-0.125,0.1523
1930-04-01,-0.19,0.08729999999999999
1930-05-01,-0.114,0.1633
1930-06-01,-0.034,0.2433
1930-07-01,-0.055,0.2223
1930-08-01,-0.024,0.25329999999999997
1930-09-01,-0.101,0.17629999999999998
1930-10-01,0.023,0.3003
1930-11-01,0.179,0.4563
1930-12-01,0.024,0.3013
1931-01-01,-0.045,0.2323
1931-02-01,-0.201,0.07629999999999998
1931-03-01,-0.125,0.1523
1931-04-01,-0.176,0.1013
1931-05-01,-0.176,0.1013
1931-06-01,-0.02,0.2573
1931-07-01,0.03,0.3073
1931-08-01,-0.022,0.25529999999999997
1931-09-01,0.002,0.2793
1931-10-01,0.114,0.3913
1931-11-01,-0.006,0.2713
1931-12-01,-0.023,0.25429999999999997
1932-01-01,0.105,0.3823
1932-02-01,-0.242,0.0353
1932-03-01,-0.156,0.12129999999999999
1932-04-01,-0.022,0.25529999999999997
1932-05-01,-0.099,0.1783
1932-06-01,-0.146,0.1313
1932-07-01,-0.086,0.1913
1932-08-01,-0.147,0.1303
1932-09-01,0.011,0.2883
1932-10-01,-0.057,0.2203
1932-11-01,-0.216,0.06129999999999999
1932-12-01,-0.144,0.1333
1933-01-01,-0.193,0.08429999999999999
1933-02-01,-0.233,0.04429999999999998
1933-03-01,-0.314,-0.03670000000000001
1933-04-01,-0.224,0.053299999999999986
1933-05-01,-0.19,0.08729999999999999
1933-06-01,-0.217,0.06029999999999999
1933-07-01,-0.227,0.050299999999999984
1933-08-01,-0.154,0.12329999999999999
1933-09-01,-0.271,0.006299999999999972
1933-10-01,-0.09,0.1873
1933-11-01,-0.283,-0.005699999999999983
1933-12-01,-0.409,-0.13169999999999998
1934-01-01,-0.219,0.05829999999999999
1934-02-01,-0.038,0.23929999999999998
1934-03-01,-0.31,-0.03270000000000001
1934-04-01,-0.293,-0.015699999999999992
1934-05-01,-0.096,0.1813
1934-06-01,-0.04,0.23729999999999998
1934-07-01,-0.085,0.19229999999999997
1934-08-01,-0.127,0.1503
1934-09-01,-0.065,0.2123
1934-10-01,0.061,0.3383
1934-11-01,0.172,0.4493
1934-12-01,-0.026,0.25129999999999997
1935-01-01,-0.297,-0.019699999999999995
1935-02-01,0.128,0.4053
1935-03-01,-0.158,0.11929999999999999
1935-04-01,-0.236,0.0413
1935-05-01,-0.24,0.0373
1935-06-01,-0.142,0.1353
1935-07-01,-0.045,0.2323
1935-08-01,-0.092,0.1853
1935-09-01,-0.086,0.1913
1935-10-01,0.028,0.3053
1935-11-01,-0.229,0.04829999999999998
1935-12-01,-0.147,0.1303
1936-01-01,-0.269,0.008299999999999974
1936-02-01,-0.284,-0.006699999999999984
1936-03-01,-0.204,0.0733
1936-04-01,-0.136,0.14129999999999998
1936-05-01,-0.109,0.1683
1936-06-01,-0.045,0.2323
1936-07-01,0.012,0.2893
1936-08-01,0.018,0.2953
1936-09-01,-0.011,0.2663
1936-10-01,0.11,0.3873
1936-11-01,0.004,0.2813
1936-12-01,0.07,0.3473
1937-01-01,-0.047,0.2303
1937-02-01,0.096,0.37329999999999997
1937-03-01,-0.113,0.1643
1937-04-01,-0.023,0.25429999999999997
1937-05-01,-0.018,0.2593
1937-06-01,0.068,0.3453
1937-07-01,0.132,0.4093
1937-08-01,0.112,0.3893
1937-09-01,0.22,0.49729999999999996
1937-10-01,0.261,0.5383
1937-11-01,0.148,0.4253
1937-12-01,0.042,0.3193
1938-01-01,0.11,0.3873
1938-02-01,0.097,0.37429999999999997
1938-03-01,0.086,0.36329999999999996
1938-04-01,0.055,0.3323
1938-05-01,-0.03,0.2473
1938-06-01,-0.089,0.1883
1938-07-01,0.031,0.3083
1938-08-01,0.008,0.2853
1938-09-01,0.119,0.3963
1938-10-01,0.24,0.5173
1938-11-01,0.142,0.4193
1938-12-01,-0.072,0.20529999999999998
1939-01-01,-0.035,0.2423
1939-02-01,-0.06,0.2173
1939-03-01,-0.191,0.08629999999999999
1939-04-01,-0.002,0.2753
1939-05-01,0.119,0.3963
1939-06-01,0.106,0.3833
1939-07-01,0.042,0.3193
1939-08-01,0.087,0.36429999999999996
1939-09-01,0.126,0.4033
1939-10-01,0.039,0.31629999999999997
1939-11-01,0.104,0.3813
1939-12-01,0.428,0.7053
1940-01-01,0.121,0.3983
1940-02-01,0.201,0.4783
1940-03-01,0.188,0.4653
1940-04-01,0.233,0.5103
1940-05-01,0.161,0.4383
1940-06-01,0.154,0.4313
1940-07-01,0.181,0.4583
1940-08-01,0.143,0.4203
1940-09-01,0.178,0.4553
1940-10-01,0.194,0.4713
1940-11-01,0.075,0.3523
1940-12-01,0.24,0.5173
1941-01-01,-0.108,0.1693
1941-02-01,0.079,0.3563
1941-03-01,-0.028,0.2493
1941-04-01,0.009,0.2863
1941-05-01,0.044,0.3213
1941-06-01,0.111,0.3883
1941-07-01,0.213,0.49029999999999996
1941-08-01,0.077,0.3543
1941-09-01,-0.114,0.1633
1941-10-01,0.21,0.48729999999999996
1941-11-01,0.038,0.31529999999999997
1941-12-01,0.09,0.36729999999999996
1942-01-01,0.228,0.5053
1942-02-01,-0.062,0.2153
1942-03-01,-0.018,0.2593
1942-04-01,-0.078,0.19929999999999998
1942-05-01,0.036,0.31329999999999997
1942-06-01,0.024,0.3013
1942-07-01,-0.071,0.20629999999999998
1942-08-01,-0.086,0.1913
1942-09-01,-0.012,0.2653
1942-10-01,-0.0,0.2773
1942-11-01,-0.048,0.2293
1942-12-01,0.009,0.2863
1943-01-01,-0.087,0.1903
1943-02-01,0.037,0.31429999999999997
1943-03-01,-0.144,0.1333
1943-04-01,0.008,0.2853
1943-05-01,-0.008,0.2693
1943-06-01,-0.016,0.2613
1943-07-01,-0.008,0.2693
1943-08-01,0.045,0.3223
1943-09-01,0.025,0.3023
1943-10-01,0.292,0.5692999999999999
1943-11-01,0.118,0.3953
1943-12-01,0.115,0.3923
1944-01-01,0.243,0.5203
1944-02-01,0.149,0.4263
1944-03-01,0.167,0.44430000000000003
1944-04-01,0.061,0.3383
1944-05-01,0.128,0.4053
1944-06-01,0.02,0.2973
1944-07-01,0.108,0.3853
1944-08-01,0.183,0.4603
1944-09-01,0.238,0.5153
1944-10-01,0.26,0.5373
1944-11-01,0.033,0.3103
1944-12-01,0.118,0.3953
1945-01-01,0.068,0.3453
1945-02-01,-0.0,0.2773
1945-03-01,-0.038,0.23929999999999998
1945-04-01,0.096,0.37329999999999997
1945-05-01,-0.026,0.25129999999999997
1945-06-01,0.022,0.2993
1945-07-01,0.016,0.2933
1945-08-01,0.219,0.49629999999999996
1945-09-01,0.074,0.3513
1945-10-01,0.241,0.5183
1945-11-01,0.03,0.3073
1945-12-01,-0.139,0.13829999999999998
1946-01-01,0.022,0.2993
1946-02-01,-0.169,0.10829999999999998
1946-03-01,-0.064,0.2133
1946-04-01,-0.003,0.2743
1946-05-01,-0.019,0.2583
1946-06-01,-0.212,0.0653
1946-07-01,-0.069,0.20829999999999999
1946-08-01,-0.098,0.1793
1946-09-01,-0.053,0.2243
1946-10-01,0.011,0.2883
1946-11-01,-0.066,0.2113
1946-12-01,-0.237,0.0403
1947-01-01,-0.044,0.2333
1947-02-01,-0.053,0.2243
1947-03-01,0.075,0.3523
1947-04-01,0.0,0.2773
1947-05-01,-0.046,0.2313
1947-06-01,0.066,0.3433
1947-07-01,0.003,0.2803
1947-08-01,-0.106,0.1713
1947-09-01,-0.083,0.19429999999999997
1947-10-01,0.093,0.37029999999999996
1947-11-01,0.032,0.3093
1947-12-01,-0.129,0.1483
1948-01-01,0.001,0.2783
1948-02-01,-0.168,0.10929999999999998
1948-03-01,-0.23,0.04729999999999998
1948-04-01,-0.157,0.12029999999999999
1948-05-01,0.136,0.4133
1948-06-01,0.035,0.3123
1948-07-01,-0.063,0.2143
1948-08-01,0.006,0.2833
1948-09-01,-0.097,0.1803
1948-10-01,0.016,0.2933
1948-11-01,-0.15,0.1273
1948-12-01,-0.259,0.018299999999999983
1949-01-01,0.04,0.31729999999999997
1949-02-01,-0.241,0.0363
1949-03-01,-0.134,0.14329999999999998
1949-04-01,-0.145,0.1323
1949-05-01,-0.078,0.19929999999999998
1949-06-01,-0.119,0.1583
1949-07-01,-0.122,0.1553
1949-08-01,-0.077,0.20029999999999998
1949-09-01,-0.136,0.14129999999999998
1949-10-01,-0.051,0.2263
1949-11-01,-0.126,0.1513
1949-12-01,-0.077,0.20029999999999998
1950-01-01,-0.333,-0.05570000000000003
1950-02-01,-0.383,-0.10570000000000002
1950-03-01,-0.183,0.0943
1950-04-01,-0.217,0.06029999999999999
1950-05-01,-0.044,0.2333
1950-06-01,-0.049,0.2283
1950-07-01,-0.031,0.2463
1950-08-01,-0.095,0.1823
1950-09-01,-0.174,0.1033
1950-10-01,-0.09,0.1873
1950-11-01,-0.319,-0.041700000000000015
1950-12-01,-0.19,0.08729999999999999
1951-01-01,-0.368,-0.0907
1951-02-01,-0.441,-0.1637
1951-03-01,-0.204,0.0733
1951-04-01,-0.102,0.1753
1951-05-01,0.065,0.3423
1951-06-01,0.137,0.4143
1951-07-01,0.038,0.31529999999999997
1951-08-01,0.146,0.4233
1951-09-01,0.129,0.4063
1951-10-01,0.257,0.5343
1951-11-01,0.003,0.2803
1951-12-01,0.182,0.4593
1952-01-01,0.164,0.4413
1952-02-01,0.094,0.37129999999999996
1952-03-01,-0.063,0.2143
1952-04-01,0.086,0.36329999999999996
1952-05-01,0.103,0.38029999999999997
1952-06-01,0.098,0.37529999999999997
1952-07-01,0.13,0.4073
1952-08-01,0.128,0.4053
1952-09-01,0.145,0.4223
1952-10-01,0.101,0.37829999999999997
1952-11-01,-0.087,0.1903
1952-12-01,0.036,0.31329999999999997
1953-01-01,0.061,0.3383
1953-02-01,0.179,0.4563
1953-03-01,0.076,0.3533
1953-04-01,0.273,0.5503
1953-05-01,0.27,0.5473
1953-06-01,0.225,0.5023
1953-07-01,0.115,0.3923
1953-08-01,0.129,0.4063
1953-09-01,0.106,0.3833
1953-10-01,0.15,0.4273
1953-11-01,0.005,0.2823
1953-12-01,0.137,0.4143
1954-01-01,-0.191,0.08629999999999999
1954-02-01,-0.065,0.2123
1954-03-01,-0.089,0.1883
1954-04-01,-0.134,0.14329999999999998
1954-05-01,-0.115,0.1623
1954-06-01,0.001,0.2783
1954-07-01,-0.065,0.2123
1954-08-01,-0.084,0.19329999999999997
1954-09-01,-0.11,0.1673
1954-10-01,0.076,0.3533
1954-11-01,0.099,0.37629999999999997
1954-12-01,-0.081,0.19629999999999997
1955-01-01,0.139,0.4163
1955-02-01,-0.207,0.0703
1955-03-01,-0.343,-0.06570000000000004
1955-04-01,-0.225,0.052299999999999985
1955-05-01,-0.216,0.06129999999999999
1955-06-01,-0.122,0.1553
1955-07-01,-0.158,0.11929999999999999
1955-08-01,0.153,0.4303
1955-09-01,-0.09,0.1873
1955-10-01,-0.037,0.24029999999999999
1955-11-01,-0.265,0.012299999999999978
1955-12-01,-0.278,-0.0007000000000000339
1956-01-01,-0.122,0.1553
1956-02-01,-0.232,0.04529999999999998
1956-03-01,-0.296,-0.018699999999999994
1956-04-01,-0.271,0.006299999999999972
1956-05-01,-0.263,0.01429999999999998
1956-06-01,-0.195,0.08229999999999998
1956-07-01,-0.112,0.1653
1956-08-01,-0.284,-0.006699999999999984
1956-09-01,-0.244,0.033299999999999996
1956-10-01,-0.207,0.0703
1956-11-01,-0.184,0.0933
1956-12-01,-0.02,0.2573
1957-01-01,-0.152,0.1253
1957-02-01,-0.108,0.1693
1957-03-01,-0.136,0.14129999999999998
1957-04-01,-0.01,0.2673
1957-05-01,0.117,0.3943
1957-06-01,0.168,0.44530000000000003
1957-07-01,-0.002,0.2753
1957-08-01,0.117,0.3943
1957-09-01,0.042,0.3193
1957-10-01,0.105,0.3823
1957-11-01,0.074,0.3513
1957-12-01,0.124,0.4013
1958-01-01,0.302,0.5792999999999999
1958-02-01,0.147,0.4243
1958-03-01,0.076,0.3533
1958-04-01,-0.007,0.2703
1958-05-01,0.032,0.3093
1958-06-01,-0.05,0.2273
1958-07-01,0.027,0.3043
1958-08-01,-0.026,0.25129999999999997
1958-09-01,-0.084,0.19329999999999997
1958-10-01,0.055,0.3323
1958-11-01,0.025,0.3023
1958-12-01,0.062,0.3393
1959-01-01,0.052,0.3293
1959-02-01,-0.015,0.2623
1959-03-01,0.092,0.36929999999999996
1959-04-01,0.135,0.4123
1959-05-01,0.043,0.3203
1959-06-01,0.073,0.3503
1959-07-01,0.062,0.3393
1959-08-01,-0.002,0.2753
1959-09-01,-0.068,0.20929999999999999
1959-10-01,0.02,0.2973
1959-11-01,-0.139,0.13829999999999998
1959-12-01,0.012,0.2893
1960-01-01,-0.044,0.2333
1960-02-01,0.082,0.3593
1960-03-01,-0.36,-0.0827
1960-04-01,-0.197,0.08029999999999998
1960-05-01,-0.089,0.1883
1960-06-01,-0.016,0.2613
1960-07-01,-0.024,0.25329999999999997
1960-08-01,0.045,0.3223
1960-09-01,0.027,0.3043
1960-10-01,0.046,0.3233
1960-11-01,-0.163,0.11429999999999998
1960-12-01,0.179,0.4563
1961-01-01,0.041,0.31829999999999997
1961-02-01,0.126,0.4033
1961-03-01,-0.004,0.2733
1961-04-01,0.128,0.4053
1961-05-01,0.141,0.4183
1961-06-01,0.164,0.4413
1961-07-01,0.027,0.3043
1961-08-01,0.043,0.3203
1961-09-01,0.008,0.2853
1961-10-01,0.03,0.3073
1961-11-01,0.019,0.2963
1961-12-01,-0.131,0.14629999999999999
1962-01-01,0.026,0.3033
1962-02-01,0.097,0.37429999999999997
1962-03-01,0.092,0.36929999999999996
1962-04-01,0.017,0.2943
1962-05-01,-0.147,0.1303
1962-06-01,-0.036,0.2413
1962-07-01,-0.044,0.2333
1962-08-01,-0.043,0.2343
1962-09-01,-0.049,0.2283
1962-10-01,0.001,0.2783
1962-11-01,0.015,0.2923
1962-12-01,-0.016,0.2613
1963-01-01,-0.051,0.2263
1963-02-01,0.094,0.37129999999999996
1963-03-01,-0.274,0.0032999999999999696
1963-04-01,-0.115,0.1623
1963-05-01,-0.096,0.1813
1963-06-01,-0.002,0.2753
1963-07-01,0.131,0.4083
1963-08-01,0.278,0.5553
1963-09-01,0.17,0.44730000000000003
1963-10-01,0.177,0.4543
1963-11-01,0.137,0.4143
1963-12-01,0.057,0.3343
1964-01-01,-0.107,0.1703
1964-02-01,-0.158,0.11929999999999999
1964-03-01,-0.338,-0.06070000000000003
1964-04-01,-0.357,-0.0797
1964-05-01,-0.289,-0.011699999999999988
1964-06-01,-0.038,0.23929999999999998
1964-07-01,-0.06,0.2173
1964-08-01,-0.189,0.08829999999999999
1964-09-01,-0.318,-0.040700000000000014
1964-10-01,-0.264,0.013299999999999979
1964-11-01,-0.263,0.01429999999999998
1964-12-01,-0.301,-0.0237
1965-01-01,-0.094,0.1833
1965-02-01,-0.192,0.08529999999999999
1965-03-01,-0.201,0.07629999999999998
1965-04-01,-0.229,0.04829999999999998
1965-05-01,-0.11,0.1673
1965-06-01,-0.111,0.1663
1965-07-01,-0.123,0.1543
1965-08-01,-0.07,0.20729999999999998
1965-09-01,-0.176,0.1013
1965-10-01,0.016,0.2933
1965-11-01,-0.067,0.2103
1965-12-01,-0.035,0.2423
1966-01-01,-0.178,0.0993
1966-02-01,-0.081,0.19629999999999997
1966-03-01,-0.082,0.19529999999999997
1966-04-01,-0.07,0.20729999999999998
1966-05-01,-0.118,0.1593
1966-06-01,0.031,0.3083
1966-07-01,0.1,0.37729999999999997
1966-08-01,-0.028,0.2493
1966-09-01,-0.016,0.2613
1966-10-01,-0.137,0.14029999999999998
1966-11-01,-0.052,0.2253
1966-12-01,-0.032,0.2453
1967-01-01,-0.122,0.1553
1967-02-01,-0.272,0.005299999999999971
1967-03-01,-0.047,0.2303
1967-04-01,-0.055,0.2223
1967-05-01,0.149,0.4263
1967-06-01,-0.039,0.23829999999999998
1967-07-01,0.018,0.2953
1967-08-01,-0.006,0.2713
1967-09-01,-0.05,0.2273
1967-10-01,0.044,0.3213
1967-11-01,-0.116,0.1613
1967-12-01,-0.064,0.2133
1968-01-01,-0.258,0.019299999999999984
1968-02-01,-0.211,0.0663
1968-03-01,0.064,0.3413
1968-04-01,-0.115,0.1623
1968-05-01,-0.156,0.12129999999999999
1968-06-01,-0.037,0.24029999999999999
1968-07-01,-0.153,0.1243
1968-08-01,-0.078,0.19929999999999998
1968-09-01,-0.158,0.11929999999999999
1968-10-01,0.075,0.3523
1968-11-01,-0.102,0.1753
1968-12-01,-0.108,0.1693
1969-01-01,-0.112,0.1653
1969-02-01,-0.164,0.11329999999999998
1969-03-01,-0.079,0.19829999999999998
1969-04-01,0.105,0.3823
1969-05-01,0.163,0.4403
1969-06-01,0.089,0.36629999999999996
1969-07-01,-0.034,0.2433
1969-08-01,0.01,0.2873
1969-09-01,0.046,0.3233
1969-10-01,0.102,0.37929999999999997
1969-11-01,0.076,0.3533
1969-12-01,0.238,0.5153
1970-01-01,0.089,0.36629999999999996
1970-02-01,0.107,0.3843
1970-03-01,-0.025,0.25229999999999997
1970-04-01,0.034,0.3113
1970-05-01,-0.032,0.2453
1970-06-01,-0.027,0.25029999999999997
1970-07-01,0.005,0.2823
1970-08-01,-0.129,0.1483
1970-09-01,0.054,0.3313
1970-10-01,0.02,0.2973
1970-11-01,-0.075,0.20229999999999998
1970-12-01,-0.135,0.14229999999999998
1971-01-01,-0.087,0.1903
1971-02-01,-0.24,0.0373
1971-03-01,-0.263,0.01429999999999998
1971-04-01,-0.123,0.1543
1971-05-01,-0.067,0.2103
1971-06-01,-0.124,0.1533
1971-07-01,-0.122,0.1553
1971-08-01,-0.116,0.1613
1971-09-01,-0.053,0.2243
1971-10-01,-0.057,0.2203
1971-11-01,-0.094,0.1833
1971-12-01,-0.136,0.14129999999999998
1972-01-01,-0.272,0.005299999999999971
1972-02-01,-0.251,0.02629999999999999
1972-03-01,-0.037,0.24029999999999999
1972-04-01,-0.012,0.2653
1972-05-01,-0.001,0.2763
1972-06-01,0.095,0.37229999999999996
1972-07-01,0.012,0.2893
1972-08-01,0.166,0.4433
1972-09-01,0.054,0.3313
1972-10-01,0.07,0.3473
1972-11-01,-0.015,0.2623
1972-12-01,0.227,0.5043
1973-01-01,0.229,0.5063
1973-02-01,0.242,0.5193
1973-03-01,0.168,0.44530000000000003
1973-04-01,0.244,0.5213
1973-05-01,0.227,0.5043
1973-06-01,0.225,0.5023
1973-07-01,0.13,0.4073
1973-08-01,0.06,0.3373
1973-09-01,0.047,0.3243
1973-10-01,0.072,0.3493
1973-11-01,0.025,0.3023
1973-12-01,-0.015,0.2623
1974-01-01,-0.182,0.0953
1974-02-01,-0.327,-0.04970000000000002
1974-03-01,-0.153,0.1243
1974-04-01,-0.131,0.14629999999999999
1974-05-01,-0.064,0.2133
1974-06-01,-0.01,0.2673
1974-07-01,-0.063,0.2143
1974-08-01,0.124,0.4013
1974-09-01,-0.048,0.2293
1974-10-01,-0.06,0.2173
1974-11-01,-0.104,0.1733
1974-12-01,-0.104,0.1733
1975-01-01,-0.003,0.2743
1975-02-01,0.067,0.3443
1975-03-01,0.075,0.3523
1975-04-01,0.06,0.3373
1975-05-01,0.138,0.4153
1975-06-01,0.017,0.2943
1975-07-01,-0.007,0.2703
1975-08-01,-0.168,0.10929999999999998
1975-09-01,-0.047,0.2303
1975-10-01,-0.107,0.1703
1975-11-01,-0.233,0.04429999999999998
1975-12-01,-0.114,0.1633
1976-01-01,-0.077,0.20029999999999998
1976-02-01,-0.153,0.1243
1976-03-01,-0.294,-0.016699999999999993
1976-04-01,-0.126,0.1513
1976-05-01,-0.252,0.02529999999999999
1976-06-01,-0.101,0.17629999999999998
1976-07-01,-0.028,0.2493
1976-08-01,-0.101,0.17629999999999998
1976-09-01,-0.021,0.2563
1976-10-01,-0.205,0.0723
1976-11-01,-0.061,0.2163
1976-12-01,0.128,0.4053
1977-01-01,0.24,0.5173
1977-02-01,0.197,0.4743
1977-03-01,0.154,0.4313
1977-04-01,0.227,0.5043
1977-05-01,0.309,0.5863
1977-06-01,0.323,0.6003000000000001
1977-07-01,0.251,0.5283
1977-08-01,0.275,0.5523
1977-09-01,0.106,0.3833
1977-10-01,0.128,0.4053
1977-11-01,0.193,0.4703
1977-12-01,0.092,0.36929999999999996
1978-01-01,0.073,0.3503
1978-02-01,0.137,0.4143
1978-03-01,0.126,0.4033
1978-04-01,0.134,0.4113
1978-05-01,0.149,0.4263
1978-06-01,0.037,0.31429999999999997
1978-07-01,0.146,0.4233
1978-08-01,-0.141,0.1363
1978-09-01,0.106,0.3833
1978-10-01,0.045,0.3223
1978-11-01,0.145,0.4223
1978-12-01,0.122,0.3993
1979-01-01,0.119,0.3963
1979-02-01,-0.086,0.1913
1979-03-01,0.146,0.4233
1979-04-01,0.14,0.4173
1979-05-01,0.082,0.3593
1979-06-01,0.122,0.3993
1979-07-01,0.062,0.3393
1979-08-01,0.168,0.44530000000000003
1979-09-01,0.253,0.5303
1979-10-01,0.286,0.5632999999999999
1979-11-01,0.262,0.5393
1979-12-01,0.51,0.7873
1980-01-01,0.359,0.6363
1980-02-01,0.428,0.7053
1980-03-01,0.334,0.6113
1980-04-01,0.399,0.6763
1980-05-01,0.391,0.6683
1980-06-01,0.262,0.5393
1980-07-01,0.353,0.6303
1980-08-01,0.322,0.5992999999999999
1980-09-01,0.239,0.5163
1980-10-01,0.183,0.4603
1980-11-01,0.264,0.5413
1980-12-01,0.21,0.48729999999999996
1981-01-01,0.513,0.7903
1981-02-01,0.387,0.6643
1981-03-01,0.415,0.6922999999999999
1981-04-01,0.294,0.5712999999999999
1981-05-01,0.24,0.5173
1981-06-01,0.37,0.6473
1981-07-01,0.362,0.6393
1981-08-01,0.392,0.6693
1981-09-01,0.249,0.5263
1981-10-01,0.209,0.48629999999999995
1981-11-01,0.225,0.5023
1981-12-01,0.475,0.7523
1982-01-01,0.09,0.36729999999999996
1982-02-01,0.128,0.4053
1982-03-01,-0.059,0.2183
1982-04-01,0.054,0.3313
1982-05-01,0.171,0.44830000000000003
1982-06-01,0.145,0.4223
1982-07-01,0.19,0.4673
1982-08-01,0.085,0.3623
1982-09-01,0.157,0.4343
1982-10-01,0.185,0.4623
1982-11-01,0.117,0.3943
1982-12-01,0.405,0.6823
1983-01-01,0.435,0.7122999999999999
1983-02-01,0.406,0.6833
1983-03-01,0.344,0.6213
1983-04-01,0.28,0.5573
1983-05-01,0.378,0.6553
1983-06-01,0.284,0.5612999999999999
1983-07-01,0.203,0.4803
1983-08-01,0.356,0.6333
1983-09-01,0.398,0.6753
1983-10-01,0.195,0.4723
1983-11-01,0.287,0.5643
1983-12-01,0.205,0.48229999999999995
1984-01-01,0.234,0.5113
1984-02-01,0.111,0.3883
1984-03-01,0.242,0.5193
1984-04-01,0.126,0.4033
1984-05-01,0.349,0.6263
1984-06-01,0.076,0.3533
1984-07-01,0.092,0.36929999999999996
1984-08-01,0.195,0.4723
1984-09-01,0.219,0.49629999999999996
1984-10-01,0.149,0.4263
1984-11-01,0.019,0.2963
1984-12-01,-0.037,0.24029999999999999
1985-01-01,0.25,0.5273
1985-02-01,-0.031,0.2463
1985-03-01,0.128,0.4053
1985-04-01,0.106,0.3833
1985-05-01,0.158,0.4353
1985-06-01,0.173,0.4503
1985-07-01,0.036,0.31329999999999997
1985-08-01,0.191,0.4683
1985-09-01,0.117,0.3943
1985-10-01,0.16,0.4373
1985-11-01,0.062,0.3393
1985-12-01,0.183,0.4603
1986-01-01,0.201,0.4783
1986-02-01,0.393,0.6703
1986-03-01,0.217,0.49429999999999996
1986-04-01,0.366,0.6433
1986-05-01,0.466,0.7433000000000001
1986-06-01,0.13,0.4073
1986-07-01,0.13,0.4073
1986-08-01,0.185,0.4623
1986-09-01,0.109,0.3863
1986-10-01,0.177,0.4543
1986-11-01,0.112,0.3893
1986-12-01,0.173,0.4503
1987-01-01,0.312,0.5892999999999999
1987-02-01,0.38,0.6573
1987-03-01,0.153,0.4303
1987-04-01,0.229,0.5063
1987-05-01,0.242,0.5193
1987-06-01,0.395,0.6723
1987-07-01,0.475,0.7523
1987-08-01,0.332,0.6093
1987-09-01,0.367,0.6443
1987-10-01,0.32,0.5972999999999999
1987-11-01,0.227,0.5043
1987-12-01,0.483,0.7603
1988-01-01,0.499,0.7763
1988-02-01,0.372,0.6493
1988-03-01,0.42,0.6973
1988-04-01,0.436,0.7133
1988-05-01,0.407,0.6842999999999999
1988-06-01,0.431,0.7082999999999999
1988-07-01,0.35,0.6273
1988-08-01,0.425,0.7022999999999999
1988-09-01,0.389,0.6663
1988-10-01,0.358,0.6353
1988-11-01,0.109,0.3863
1988-12-01,0.281,0.5583
1989-01-01,0.026,0.3033
1989-02-01,0.307,0.5843
1989-03-01,0.257,0.5343
1989-04-01,0.278,0.5553
1989-05-01,0.112,0.3893
1989-06-01,0.181,0.4583
1989-07-01,0.328,0.6053
1989-08-01,0.317,0.5943
1989-09-01,0.344,0.6213
1989-10-01,0.336,0.6133
1989-11-01,0.17,0.44730000000000003
1989-12-01,0.419,0.6962999999999999
1990-01-01,0.388,0.6653
1990-02-01,0.376,0.6533
1990-03-01,0.705,0.9823
1990-04-01,0.591,0.8683
1990-05-01,0.515,0.7923
1990-06-01,0.413,0.6902999999999999
1990-07-01,0.479,0.7563
1990-08-01,0.355,0.6323
1990-09-01,0.31,0.5872999999999999
1990-10-01,0.468,0.7453000000000001
1990-11-01,0.425,0.7022999999999999
1990-12-01,0.426,0.7033
1991-01-01,0.405,0.6823
1991-02-01,0.497,0.7743
1991-03-01,0.338,0.6153
1991-04-01,0.533,0.8103
1991-05-01,0.424,0.7013
1991-06-01,0.561,0.8383
1991-07-01,0.54,0.8173
1991-08-01,0.473,0.7503
1991-09-01,0.444,0.7213
1991-10-01,0.376,0.6533
1991-11-01,0.32,0.5972999999999999
1991-12-01,0.371,0.6483
1992-01-01,0.477,0.7543
1992-02-01,0.421,0.6982999999999999
1992-03-01,0.438,0.7153
1992-04-01,0.294,0.5712999999999999
1992-05-01,0.312,0.5892999999999999
1992-06-01,0.312,0.5892999999999999
1992-07-01,0.161,0.4383
1992-08-01,0.15,0.4273
1992-09-01,0.018,0.2953
1992-10-01,0.098,0.37529999999999997
1992-11-01,0.019,0.2963
1992-12-01,0.222,0.49929999999999997
1993-01-01,0.372,0.6493
1993-02-01,0.409,0.6862999999999999
1993-03-01,0.336,0.6133
1993-04-01,0.307,0.5843
1993-05-01,0.308,0.5852999999999999
1993-06-01,0.329,0.6063000000000001
1993-07-01,0.289,0.5663
1993-08-01,0.224,0.5013
1993-09-01,0.181,0.4583
1993-10-01,0.285,0.5623
1993-11-01,0.117,0.3943
1993-12-01,0.224,0.5013
1994-01-01,0.252,0.5293
1994-02-01,0.075,0.3523
1994-03-01,0.32,0.5972999999999999
1994-04-01,0.39,0.6673
1994-05-01,0.325,0.6023000000000001
1994-06-01,0.451,0.7283
1994-07-01,0.33,0.6073
1994-08-01,0.251,0.5283
1994-09-01,0.385,0.6623
1994-10-01,0.485,0.7623
1994-11-01,0.43,0.7073
1994-12-01,0.377,0.6543
1995-01-01,0.516,0.7933
1995-02-01,0.759,1.0363
1995-03-01,0.47,0.7473
1995-04-01,0.522,0.7993
1995-05-01,0.353,0.6303
1995-06-01,0.555,0.8323
1995-07-01,0.579,0.8563
1995-08-01,0.553,0.8303
1995-09-01,0.395,0.6723
1995-10-01,0.546,0.8233
1995-11-01,0.477,0.7543
1995-12-01,0.328,0.6053
1996-01-01,0.314,0.5912999999999999
1996-02-01,0.563,0.8402999999999999
1996-03-01,0.407,0.6842999999999999
1996-04-01,0.389,0.6663
1996-05-01,0.299,0.5763
1996-06-01,0.296,0.5732999999999999
1996-07-01,0.412,0.6893
1996-08-01,0.535,0.8123
1996-09-01,0.292,0.5692999999999999
1996-10-01,0.243,0.5203
1996-11-01,0.431,0.7082999999999999
1996-12-01,0.452,0.7293000000000001
1997-01-01,0.327,0.6043000000000001
1997-02-01,0.395,0.6723
1997-03-01,0.536,0.8133
1997-04-01,0.432,0.7093
1997-05-01,0.405,0.6823
1997-06-01,0.616,0.8933
1997-07-01,0.428,0.7053
1997-08-01,0.472,0.7493
1997-09-01,0.565,0.8422999999999999
1997-10-01,0.708,0.9853
1997-11-01,0.708,0.9853
1997-12-01,0.657,0.9343
1998-01-01,0.607,0.8843
1998-02-01,0.851,1.1282999999999999
1998-03-01,0.638,0.9153
1998-04-01,0.751,1.0283
1998-05-01,0.75,1.0272999999999999
1998-06-01,0.795,1.0723
1998-07-01,0.77,1.0473
1998-08-01,0.778,1.0553
1998-09-01,0.491,0.7683
1998-10-01,0.478,0.7553
1998-11-01,0.463,0.7403
1998-12-01,0.616,0.8933
1999-01-01,0.467,0.7443
1999-02-01,0.673,0.9503
1999-03-01,0.345,0.6223
1999-04-01,0.37,0.6473
1999-05-01,0.321,0.5983
1999-06-01,0.443,0.7202999999999999
1999-07-01,0.404,0.6813
1999-08-01,0.384,0.6613
1999-09-01,0.437,0.7142999999999999
1999-10-01,0.426,0.7033
1999-11-01,0.391,0.6683
1999-12-01,0.462,0.7393000000000001
2000-01-01,0.283,0.5603
2000-02-01,0.549,0.8263
2000-03-01,0.513,0.7903
2000-04-01,0.578,0.8553
2000-05-01,0.355,0.6323
2000-06-01,0.428,0.7053
2000-07-01,0.396,0.6733
2000-08-01,0.478,0.7553
2000-09-01,0.46,0.7373000000000001
2000-10-01,0.328,0.6053
2000-11-01,0.346,0.6233
2000-12-01,0.326,0.6033
2001-01-01,0.471,0.7483
2001-02-01,0.452,0.7293000000000001
2001-03-01,0.567,0.8442999999999999
2001-04-01,0.558,0.8353
2001-05-01,0.571,0.8482999999999999
2001-06-01,0.564,0.8412999999999999
2001-07-01,0.601,0.8783
2001-08-01,0.558,0.8353
2001-09-01,0.56,0.8373
2001-10-01,0.56,0.8373
2001-11-01,0.719,0.9963
2001-12-01,0.651,0.9283
2002-01-01,0.724,1.0013
2002-02-01,0.68,0.9573
2002-03-01,0.877,1.1543
2002-04-01,0.621,0.8983
2002-05-01,0.67,0.9473
2002-06-01,0.623,0.9003
2002-07-01,0.655,0.9323
2002-08-01,0.577,0.8543
2002-09-01,0.653,0.9303
2002-10-01,0.624,0.9013
2002-11-01,0.601,0.8783
2002-12-01,0.555,0.8323
2003-01-01,0.758,1.0352999999999999
2003-02-01,0.578,0.8553
2003-03-01,0.554,0.8313
2003-04-01,0.568,0.8452999999999999
2003-05-01,0.61,0.8873
2003-06-01,0.497,0.7743
2003-07-01,0.572,0.8492999999999999
2003-08-01,0.688,0.9652999999999999
2003-09-01,0.714,0.9913
2003-10-01,0.793,1.0703
2003-11-01,0.577,0.8543
2003-12-01,0.785,1.0623
2004-01-01,0.614,0.8913
2004-02-01,0.72,0.9973
2004-03-01,0.617,0.8943
2004-04-01,0.637,0.9143
2004-05-01,0.383,0.6603
2004-06-01,0.471,0.7483
2004-07-01,0.341,0.6183000000000001
2004-08-01,0.493,0.7703
2004-09-01,0.579,0.8563
2004-10-01,0.666,0.9433
2004-11-01,0.71,0.9873
2004-12-01,0.535,0.8123
2005-01-01,0.761,1.0383
2005-02-01,0.669,0.9463
2005-03-01,0.756,1.0333
2005-04-01,0.72,0.9973
2005-05-01,0.667,0.9443
2005-06-01,0.722,0.9993
2005-07-01,0.686,0.9633
2005-08-01,0.677,0.9543
2005-09-01,0.74,1.0173
2005-10-01,0.843,1.1202999999999999
2005-11-01,0.769,1.0463
2005-12-01,0.764,1.0413000000000001
2006-01-01,0.614,0.8913
2006-02-01,0.783,1.0603
2006-03-01,0.663,0.9403
2006-04-01,0.562,0.8393
2006-05-01,0.532,0.8093
2006-06-01,0.698,0.9753
2006-07-01,0.571,0.8482999999999999
2006-08-01,0.73,1.0072999999999999
2006-09-01,0.653,0.9303
2006-10-01,0.741,1.0183
2006-11-01,0.722,0.9993
2006-12-01,0.838,1.1153
2007-01-01,0.961,1.2383
2007-02-01,0.746,1.0232999999999999
2007-03-01,0.673,0.9503
2007-04-01,0.825,1.1023
2007-05-01,0.671,0.9483
2007-06-01,0.628,0.9053
2007-07-01,0.661,0.9383
2007-08-01,0.591,0.8683
2007-09-01,0.544,0.8213
2007-10-01,0.663,0.9403
2007-11-01,0.586,0.8633
2007-12-01,0.517,0.7943
2008-01-01,0.268,0.5453
2008-02-01,0.326,0.6033
2008-03-01,0.65,0.9273
2008-04-01,0.539,0.8163
2008-05-01,0.526,0.8033
2008-06-01,0.509,0.7863
2008-07-01,0.62,0.8973
2008-08-01,0.566,0.8432999999999999
2008-09-01,0.608,0.8853
2008-10-01,0.7,0.9773
2008-11-01,0.68,0.9573
2008-12-01,0.576,0.8533
2009-01-01,0.682,0.9593
2009-02-01,0.574,0.8513
2009-03-01,0.496,0.7733
2009-04-01,0.588,0.8653
2009-05-01,0.619,0.8963
2009-06-01,0.72,0.9973
2009-07-01,0.801,1.0783
2009-08-01,0.712,0.9893
2009-09-01,0.715,0.9923
2009-10-01,0.735,1.0123
2009-11-01,0.791,1.0683
2009-12-01,0.756,1.0333
2010-01-01,0.802,1.0793
2010-02-01,0.878,1.1553
2010-03-01,0.888,1.1653
2010-04-01,0.916,1.1933
2010-05-01,0.778,1.0553
2010-06-01,0.717,0.9943
2010-07-01,0.668,0.9453
2010-08-01,0.703,0.9803
2010-09-01,0.663,0.9403
2010-10-01,0.77,1.0473
2010-11-01,0.769,1.0463
2010-12-01,0.556,0.8333
2011-01-01,0.568,0.8452999999999999
2011-02-01,0.545,0.8223
2011-03-01,0.646,0.9233
2011-04-01,0.675,0.9523
2011-05-01,0.544,0.8213
2011-06-01,0.68,0.9573
2011-07-01,0.763,1.0403
2011-08-01,0.753,1.0303
2011-09-01,0.599,0.8763
2011-10-01,0.687,0.9643
2011-11-01,0.571,0.8482999999999999
2011-12-01,0.594,0.8713
2012-01-01,0.446,0.7233
2012-02-01,0.505,0.7823
2012-03-01,0.488,0.7653
2012-04-01,0.716,0.9933
2012-05-01,0.768,1.0453000000000001
2012-06-01,0.743,1.0203
2012-07-01,0.604,0.8813
2012-08-01,0.699,0.9763
2012-09-01,0.727,1.0043
2012-10-01,0.86,1.1373
2012-11-01,0.793,1.0703
2012-12-01,0.587,0.8643
2013-01-01,0.701,0.9783
2013-02-01,0.609,0.8863
2013-03-01,0.622,0.8993
2013-04-01,0.598,0.8753
2013-05-01,0.636,0.9133
2013-06-01,0.717,0.9943
2013-07-01,0.612,0.8893
2013-08-01,0.705,0.9823
2013-09-01,0.775,1.0523
2013-10-01,0.679,0.9563
2013-11-01,0.813,1.0903
2013-12-01,0.718,0.9953
2014-01-01,0.753,1.0303
2014-02-01,0.573,0.8503
2014-03-01,0.735,1.0123
2014-04-01,0.787,1.0643
2014-05-01,0.81,1.0873
2014-06-01,0.67,0.9473
2014-07-01,0.626,0.9033
2014-08-01,0.816,1.0933
2014-09-01,0.831,1.1082999999999998
2014-10-01,0.839,1.1162999999999998
2014-11-01,0.661,0.9383
2014-12-01,0.791,1.0683
2015-01-01,0.825,1.1023
2015-02-01,0.864,1.1413
2015-03-01,0.865,1.1423
2015-04-01,0.787,1.0643
2015-05-01,0.827,1.1042999999999998
2015-06-01,0.824,1.1013
2015-07-01,0.815,1.0922999999999998
2015-08-01,0.89,1.1673
2015-09-01,0.889,1.1663000000000001
2015-10-01,1.092,1.3693
2015-11-01,1.026,1.3033000000000001
2015-12-01,1.172,1.4493
2016-01-01,1.188,1.4653
2016-02-01,1.295,1.5722999999999998
2016-03-01,1.269,1.5463
2016-04-01,1.114,1.3913000000000002
2016-05-01,0.993,1.2703
2016-06-01,0.881,1.1583
2016-07-01,0.918,1.1953
2016-08-01,1.039,1.3163
2016-09-01,0.941,1.2183
2016-10-01,0.97,1.2473
2016-11-01,0.965,1.2423
2016-12-01,0.943,1.2203
2017-01-01,1.045,1.3222999999999998
2017-02-01,1.145,1.4223
2017-03-01,1.171,1.4483000000000001
2017-04-01,0.962,1.2393
2017-05-01,0.946,1.2233
2017-06-01,0.773,1.0503
2017-07-01,0.85,1.1273
2017-08-01,0.887,1.1643
2017-09-01,0.792,1.0693000000000001
2017-10-01,0.918,1.1953
2017-11-01,0.85,1.1273
2017-12-01,0.933,1.2103000000000002
2018-01-01,0.826,1.1033
2018-02-01,0.872,1.1493
2018-03-01,0.869,1.1463
2018-04-01,0.913,1.1903000000000001
2018-05-01,0.823,1.1002999999999998
2018-06-01,0.822,1.0993
2018-07-01,0.858,1.1353
2018-08-01,0.831,1.1082999999999998
2018-09-01,0.787,1.0643
2018-10-01,0.986,1.2633
2018-11-01,0.828,1.1053
2018-12-01,0.948,1.2252999999999998
2019-01-01,0.902,1.1793
2019-02-01,0.936,1.2133
2019-03-01,1.148,1.4253
2019-04-01,1.05,1.3273000000000001
2019-05-01,0.89,1.1673
2019-06-01,0.893,1.1703000000000001
2019-07-01,0.956,1.2332999999999998
2019-08-01,0.937,1.2143000000000002
2019-09-01,0.875,1.1522999999999999
2019-10-01,1.099,1.3763
2019-11-01,0.989,1.2663
2019-12-01,1.125,1.4022999999999999
2020-01-01,1.162,1.4392999999999998
2020-02-01,1.191,1.4683000000000002
2020-03-01,1.123,1.4003
2020-04-01,1.165,1.4423
2020-05-01,0.987,1.2643
2020-06-01,0.943,1.2203
2020-07-01,0.96,1.2372999999999998
2020-08-01,0.899,1.1763
2020-09-01,0.963,1.2403
2020-10-01,0.926,1.2033
2020-11-01,1.097,1.3742999999999999
2020-12-01,0.845,1.1223
2021-01-01,0.832,1.1093
2021-02-01,0.649,0.9263
2021-03-01,0.808,1.0853000000000002
2021-04-01,0.824,1.1013
2021-05-01,0.832,1.1093
2021-06-01,0.84,1.1173
2021-07-01,0.895,1.1723
2021-08-01,0.925,1.2023000000000001
2021-09-01,0.95,1.2273
2021-10-01,1.058,1.3353000000000002
2021-11-01,0.941,1.2183
2021-12-01,0.873,1.1503
2022-01-01,0.89,1.1673
2022-02-01,0.847,1.1242999999999999
2022-03-01,1.018,1.2953000000000001
2022-04-01,0.872,1.1493
2022-05-01,0.845,1.1223
2022-06-01,1.0,1.2772999999999999
2022-07-01,0.948,1.2252999999999998
2022-08-01,0.938,1.2153
2022-09-01,0.91,1.1873
2022-10-01,1.05,1.3273000000000001
2022-11-01,0.748,1.0253
2022-12-01,0.908,1.1853
2023-01-01,0.885,1.1623
2023-02-01,0.949,1.2263
2023-03-01,1.211,1.4883000000000002
2023-04-01,1.049,1.3262999999999998
2023-05-01,0.995,1.2723
2023-06-01,1.18,1.4573
2023-07-01,1.344,1.6213000000000002
2023-08-01,1.344,1.6213000000000002
2023-09-01,1.479,1.7563
2023-10-01,1.416,1.6932999999999998
2023-11-01,1.419,1.6963
2023-12-01,1.403,1.6803
2024-01-01,1.262,1.5393
2024-02-01,1.387,1.6643
2024-03-01,1.289,1.5663
2024-04-01,1.297,1.5743
2024-05-01,1.176,1.4533
2024-06-01,1.25,1.5272999999999999
2024-07-01,1.252,1.5293
2024-08-01,1.284,1.5613000000000001
2024-09-01,1.285,1.5623
2024-10-01,1.371,1.6482999999999999
2024-11-01,1.356,1.6333000000000002
2024-12-01,1.311,1.5882999999999998
2025-01-01,1.381,1.6583
2025-02-01,1.278,1.5553
2025-03-01,1.294,1.5713
2025-04-01,1.229,1.5063
2025-05-01,1.102,1.3793000000000002
2025-06-01,1.083,1.3603
2025-07-01,1.064,1.3413
2025-08-01,1.141,1.4183
2025-09-01,1.263,1.5402999999999998
2025-10-01,1.249,1.5263
2025-11-01,1.225,1.5023
2025-12-01,1.108,1.3853
2026-01-01,1.163,1.4403000000000001
2026-02-01,1.231,1.5083000000000002
2026-03-01,1.23,1.5072999999999999
2026-04-01,1.186,1.4632999999999998
2026-05-01,1.162,1.4392999999999998
2026-06-01,1.218,1.4952999999999999
2026-07-01,1.282,1.5593
