Date,RawTemperature,Temp
1850-01-01,-0.469,-0.17042999999999991
1850-02-01,-0.66,-0.36143
1850-03-01,-0.427,-0.12842999999999993
1850-04-01,-0.81,-0.51143
1850-05-01,-0.375,-0.07642999999999994
1850-06-01,-0.362,-0.06342999999999993
1850-07-01,-0.331,-0.03242999999999996
1850-08-01,-0.256,0.04257000000000005
1850-09-01,-0.33,-0.03142999999999996
1850-10-01,-0.376,-0.07742999999999994
1850-11-01,-0.177,0.12157000000000007
1850-12-01,-0.548,-0.24942999999999999
1851-01-01,-0.433,-0.13442999999999994
1851-02-01,-0.325,-0.026429999999999954
1851-03-01,-0.343,-0.04442999999999997
1851-04-01,-0.749,-0.45042999999999994
1851-05-01,-0.3,-0.0014299999999999313
1851-06-01,-0.322,-0.02342999999999995
1851-07-01,-0.182,0.11657000000000006
1851-08-01,-0.296,0.0025700000000000722
1851-09-01,-0.397,-0.09842999999999996
1851-10-01,-0.305,-0.006429999999999936
1851-11-01,-0.654,-0.35542999999999997
1851-12-01,-0.373,-0.07442999999999994
1852-01-01,-0.734,-0.43542999999999993
1852-02-01,-0.435,-0.13642999999999994
1852-03-01,-0.633,-0.33442999999999995
1852-04-01,-0.713,-0.4144299999999999
1852-05-01,-0.36,-0.06142999999999993
1852-06-01,-0.056,0.24257000000000006
1852-07-01,-0.158,0.14057000000000006
1852-08-01,-0.176,0.12257000000000007
1852-09-01,-0.047,0.25157000000000007
1852-10-01,-0.305,-0.006429999999999936
1852-11-01,-0.079,0.21957000000000004
1852-12-01,-0.258,0.04057000000000005
1853-01-01,-0.501,-0.20242999999999994
1853-02-01,-0.126,0.17257000000000006
1853-03-01,-0.301,-0.002429999999999932
1853-04-01,-0.229,0.06957000000000005
1853-05-01,-0.115,0.18357000000000007
1853-06-01,-0.016,0.28257000000000004
1853-07-01,-0.146,0.15257000000000007
1853-08-01,-0.232,0.06657000000000005
1853-09-01,-0.165,0.13357000000000005
1853-10-01,-0.255,0.04357000000000005
1853-11-01,-0.406,-0.10742999999999997
1853-12-01,-0.264,0.034570000000000045
1854-01-01,-0.565,-0.2664299999999999
1854-02-01,-0.486,-0.18742999999999993
1854-03-01,-0.258,0.04057000000000005
1854-04-01,-0.361,-0.06242999999999993
1854-05-01,-0.37,-0.07142999999999994
1854-06-01,-0.318,-0.019429999999999947
1854-07-01,-0.286,0.012570000000000081
1854-08-01,-0.212,0.08657000000000006
1854-09-01,-0.119,0.17957000000000006
1854-10-01,-0.27,0.02857000000000004
1854-11-01,-0.086,0.21257000000000006
1854-12-01,-0.242,0.056570000000000065
1855-01-01,-0.238,0.06057000000000007
1855-02-01,-0.241,0.057570000000000066
1855-03-01,-0.199,0.09957000000000005
1855-04-01,-0.322,-0.02342999999999995
1855-05-01,-0.258,0.04057000000000005
1855-06-01,-0.217,0.08157000000000006
1855-07-01,-0.431,-0.13242999999999994
1855-08-01,-0.172,0.12657000000000007
1855-09-01,-0.177,0.12157000000000007
1855-10-01,-0.032,0.2665700000000001
1855-11-01,-0.184,0.11457000000000006
1855-12-01,-0.466,-0.16742999999999997
1856-01-01,-0.333,-0.03442999999999996
1856-02-01,-0.296,0.0025700000000000722
1856-03-01,-0.16,0.13857000000000005
1856-04-01,-0.683,-0.38443
1856-05-01,-0.386,-0.08742999999999995
1856-06-01,-0.182,0.11657000000000006
1856-07-01,-0.213,0.08557000000000006
1856-08-01,-0.59,-0.2914299999999999
1856-09-01,-0.667,-0.36843
1856-10-01,-0.409,-0.11042999999999992
1856-11-01,-0.417,-0.11842999999999992
1856-12-01,-0.666,-0.36743
1857-01-01,-0.578,-0.2794299999999999
1857-02-01,-0.653,-0.35442999999999997
1857-03-01,-0.708,-0.4094299999999999
1857-04-01,-0.612,-0.31342999999999993
1857-05-01,-0.381,-0.08242999999999995
1857-06-01,-0.364,-0.06542999999999993
1857-07-01,-0.634,-0.33542999999999995
1857-08-01,-0.453,-0.15442999999999996
1857-09-01,-0.484,-0.18542999999999993
1857-10-01,-0.401,-0.10242999999999997
1857-11-01,-0.423,-0.12442999999999993
1857-12-01,-0.32,-0.02142999999999995
1858-01-01,-0.623,-0.32442999999999994
1858-02-01,-0.279,0.019570000000000032
1858-03-01,-0.206,0.09257000000000007
1858-04-01,-0.41,-0.11142999999999992
1858-05-01,-0.355,-0.056429999999999925
1858-06-01,-0.429,-0.13042999999999993
1858-07-01,-0.369,-0.07042999999999994
1858-08-01,-0.264,0.034570000000000045
1858-09-01,-0.405,-0.10642999999999997
1858-10-01,-0.301,-0.002429999999999932
1858-11-01,-0.407,-0.10842999999999992
1858-12-01,-0.427,-0.12842999999999993
1859-01-01,-0.527,-0.22842999999999997
1859-02-01,-0.302,-0.003429999999999933
1859-03-01,-0.465,-0.16642999999999997
1859-04-01,-0.191,0.10757000000000005
1859-05-01,-0.217,0.08157000000000006
1859-06-01,-0.102,0.19657000000000008
1859-07-01,-0.431,-0.13242999999999994
1859-08-01,-0.221,0.07757000000000006
1859-09-01,-0.598,-0.2994299999999999
1859-10-01,-0.31,-0.01142999999999994
1859-11-01,-0.318,-0.019429999999999947
1859-12-01,-0.374,-0.07542999999999994
1860-01-01,-0.336,-0.03742999999999996
1860-02-01,-0.239,0.05957000000000007
1860-03-01,-0.14,0.15857000000000004
1860-04-01,-0.214,0.08457000000000006
1860-05-01,-0.24,0.058570000000000066
1860-06-01,-0.206,0.09257000000000007
1860-07-01,-0.362,-0.06342999999999993
1860-08-01,-0.376,-0.07742999999999994
1860-09-01,-0.122,0.17657000000000006
1860-10-01,-0.388,-0.08942999999999995
1860-11-01,-0.318,-0.019429999999999947
1860-12-01,-0.413,-0.11442999999999992
1861-01-01,-0.377,-0.07842999999999994
1861-02-01,-0.813,-0.5144299999999999
1861-03-01,-0.451,-0.15242999999999995
1861-04-01,0.004,0.30257000000000006
1861-05-01,-0.403,-0.10442999999999997
1861-06-01,-0.048,0.25057000000000007
1861-07-01,-0.292,0.006570000000000076
1861-08-01,-0.237,0.06157000000000007
1861-09-01,-0.294,0.004570000000000074
1861-10-01,-0.42,-0.12142999999999993
1861-11-01,-0.013,0.28557000000000005
1861-12-01,-0.577,-0.2784299999999999
1862-01-01,-0.716,-0.4174299999999999
1862-02-01,-0.704,-0.4054299999999999
1862-03-01,-0.654,-0.35542999999999997
1862-04-01,-0.478,-0.17942999999999992
1862-05-01,-0.258,0.04057000000000005
1862-06-01,-0.372,-0.07342999999999994
1862-07-01,-0.494,-0.19542999999999994
1862-08-01,-0.389,-0.09042999999999995
1862-09-01,-0.284,0.014570000000000083
1862-10-01,-0.197,0.10157000000000005
1862-11-01,-0.546,-0.24742999999999998
1862-12-01,-0.708,-0.4094299999999999
1863-01-01,-0.601,-0.3024299999999999
1863-02-01,-0.532,-0.23342999999999997
1863-03-01,-0.353,-0.05442999999999992
1863-04-01,-0.185,0.11357000000000006
1863-05-01,-0.29,0.008570000000000078
1863-06-01,-0.498,-0.19942999999999994
1863-07-01,-0.501,-0.20242999999999994
1863-08-01,-0.583,-0.2844299999999999
1863-09-01,-0.573,-0.2744299999999999
1863-10-01,-0.468,-0.16942999999999997
1863-11-01,-0.374,-0.07542999999999994
1863-12-01,-0.343,-0.04442999999999997
1864-01-01,-0.544,-0.24542999999999998
1864-02-01,-0.582,-0.2834299999999999
1864-03-01,-0.521,-0.22242999999999996
1864-04-01,-0.684,-0.38543
1864-05-01,-0.292,0.006570000000000076
1864-06-01,-0.143,0.15557000000000007
1864-07-01,-0.16,0.13857000000000005
1864-08-01,-0.417,-0.11842999999999992
1864-09-01,-0.42,-0.12142999999999993
1864-10-01,-0.324,-0.025429999999999953
1864-11-01,-0.164,0.13457000000000005
1864-12-01,-0.328,-0.029429999999999956
1865-01-01,-0.035,0.2635700000000001
1865-02-01,-0.047,0.25157000000000007
1865-03-01,-0.164,0.13457000000000005
1865-04-01,-0.203,0.09557000000000004
1865-05-01,-0.243,0.055570000000000064
1865-06-01,0.015,0.31357000000000007
1865-07-01,0.077,0.37557000000000007
1865-08-01,-0.155,0.14357000000000006
1865-09-01,-0.115,0.18357000000000007
1865-10-01,-0.228,0.07057000000000005
1865-11-01,-0.121,0.17757000000000006
1865-12-01,-0.149,0.14957000000000006
1866-01-01,-0.271,0.02757000000000004
1866-02-01,-0.233,0.06557000000000004
1866-03-01,-0.302,-0.003429999999999933
1866-04-01,-0.21,0.08857000000000007
1866-05-01,-0.557,-0.25843
1866-06-01,-0.186,0.11257000000000006
1866-07-01,-0.007,0.29157000000000005
1866-08-01,-0.18,0.11857000000000006
1866-09-01,-0.434,-0.13542999999999994
1866-10-01,-0.207,0.09157000000000007
1866-11-01,-0.124,0.17457000000000006
1866-12-01,-0.138,0.16057000000000005
1867-01-01,-0.383,-0.08442999999999995
1867-02-01,-0.485,-0.18642999999999993
1867-03-01,-0.3,-0.0014299999999999313
1867-04-01,-0.455,-0.15642999999999996
1867-05-01,-0.413,-0.11442999999999992
1867-06-01,-0.204,0.09457000000000007
1867-07-01,-0.231,0.06757000000000005
1867-08-01,-0.499,-0.20042999999999994
1867-09-01,-0.213,0.08557000000000006
1867-10-01,-0.239,0.05957000000000007
1867-11-01,-0.293,0.005570000000000075
1867-12-01,-0.517,-0.21842999999999996
1868-01-01,-0.22,0.07857000000000006
1868-02-01,-0.444,-0.14542999999999995
1868-03-01,-0.203,0.09557000000000004
1868-04-01,-0.091,0.20757000000000006
1868-05-01,-0.115,0.18357000000000007
1868-06-01,-0.048,0.25057000000000007
1868-07-01,-0.071,0.22757000000000005
1868-08-01,-0.061,0.23757000000000006
1868-09-01,-0.058,0.24057000000000006
1868-10-01,-0.0,0.29857000000000006
1868-11-01,-0.097,0.20157000000000005
1868-12-01,-0.113,0.18557000000000007
1869-01-01,-0.206,0.09257000000000007
1869-02-01,-0.038,0.2605700000000001
1869-03-01,-0.403,-0.10442999999999997
1869-04-01,-0.266,0.03257000000000004
1869-05-01,-0.043,0.2555700000000001
1869-06-01,-0.154,0.14457000000000006
1869-07-01,-0.403,-0.10442999999999997
1869-08-01,-0.479,-0.18042999999999992
1869-09-01,-0.285,0.013570000000000082
1869-10-01,-0.386,-0.08742999999999995
1869-11-01,-0.084,0.21457000000000004
1869-12-01,-0.371,-0.07242999999999994
1870-01-01,-0.453,-0.15442999999999996
1870-02-01,-0.267,0.03157000000000004
1870-03-01,-0.216,0.08257000000000006
1870-04-01,-0.118,0.18057000000000006
1870-05-01,-0.33,-0.03142999999999996
1870-06-01,-0.236,0.06257000000000007
1870-07-01,-0.144,0.15457000000000007
1870-08-01,-0.162,0.13657000000000005
1870-09-01,-0.41,-0.11142999999999992
1870-10-01,-0.452,-0.15342999999999996
1870-11-01,-0.506,-0.20742999999999995
1870-12-01,-0.469,-0.17042999999999991
1871-01-01,-0.329,-0.030429999999999957
1871-02-01,-0.285,0.013570000000000082
1871-03-01,-0.239,0.05957000000000007
1871-04-01,-0.243,0.055570000000000064
1871-05-01,-0.015,0.28357000000000004
1871-06-01,-0.102,0.19657000000000008
1871-07-01,-0.178,0.12057000000000007
1871-08-01,-0.162,0.13657000000000005
1871-09-01,-0.348,-0.04942999999999992
1871-10-01,-0.294,0.004570000000000074
1871-11-01,-0.25,0.04857000000000006
1871-12-01,-0.202,0.09657000000000004
1872-01-01,-0.204,0.09457000000000007
1872-02-01,-0.179,0.11957000000000007
1872-03-01,-0.283,0.015570000000000084
1872-04-01,-0.333,-0.03442999999999996
1872-05-01,-0.028,0.27057000000000003
1872-06-01,-0.265,0.033570000000000044
1872-07-01,-0.145,0.15357000000000007
1872-08-01,-0.039,0.2595700000000001
1872-09-01,-0.15,0.14857000000000006
1872-10-01,-0.38,-0.08142999999999995
1872-11-01,-0.482,-0.18342999999999993
1872-12-01,-0.329,-0.030429999999999957
1873-01-01,-0.285,0.013570000000000082
1873-02-01,-0.195,0.10357000000000005
1873-03-01,-0.173,0.12557000000000007
1873-04-01,-0.312,-0.013429999999999942
1873-05-01,-0.207,0.09157000000000007
1873-06-01,-0.302,-0.003429999999999933
1873-07-01,-0.18,0.11857000000000006
1873-08-01,-0.123,0.17557000000000006
1873-09-01,-0.365,-0.06642999999999993
1873-10-01,-0.383,-0.08442999999999995
1873-11-01,-0.27,0.02857000000000004
1873-12-01,-0.256,0.04257000000000005
1874-01-01,-0.287,0.01157000000000008
1874-02-01,-0.457,-0.15842999999999996
1874-03-01,-0.46,-0.16142999999999996
1874-04-01,-0.47,-0.17142999999999992
1874-05-01,-0.448,-0.14942999999999995
1874-06-01,-0.543,-0.24442999999999998
1874-07-01,-0.354,-0.055429999999999924
1874-08-01,-0.337,-0.038429999999999964
1874-09-01,-0.172,0.12657000000000007
1874-10-01,-0.492,-0.19342999999999994
1874-11-01,-0.349,-0.05042999999999992
1874-12-01,-0.321,-0.02242999999999995
1875-01-01,-0.251,0.04757000000000006
1875-02-01,-0.192,0.10657000000000005
1875-03-01,-0.506,-0.20742999999999995
1875-04-01,-0.337,-0.038429999999999964
1875-05-01,-0.21,0.08857000000000007
1875-06-01,-0.365,-0.06642999999999993
1875-07-01,-0.246,0.05257000000000006
1875-08-01,-0.198,0.10057000000000005
1875-09-01,-0.09,0.20857000000000006
1875-10-01,-0.042,0.2565700000000001
1875-11-01,-0.256,0.04257000000000005
1875-12-01,-0.447,-0.14842999999999995
1876-01-01,-0.356,-0.057429999999999926
1876-02-01,-0.323,-0.024429999999999952
1876-03-01,-0.182,0.11657000000000006
1876-04-01,-0.294,0.004570000000000074
1876-05-01,-0.445,-0.14642999999999995
1876-06-01,-0.385,-0.08642999999999995
1876-07-01,-0.179,0.11957000000000007
1876-08-01,-0.259,0.03957000000000005
1876-09-01,-0.362,-0.06342999999999993
1876-10-01,-0.173,0.12557000000000007
1876-11-01,-0.311,-0.012429999999999941
1876-12-01,-0.276,0.022570000000000034
1877-01-01,-0.113,0.18557000000000007
1877-02-01,0.021,0.3195700000000001
1877-03-01,0.016,0.31457000000000007
1877-04-01,-0.048,0.25057000000000007
1877-05-01,0.067,0.36557000000000006
1877-06-01,-0.078,0.22057000000000004
1877-07-01,-0.002,0.29657000000000006
1877-08-01,-0.031,0.2675700000000001
1877-09-01,0.026,0.3245700000000001
1877-10-01,0.04,0.33857000000000004
1877-11-01,0.021,0.3195700000000001
1877-12-01,0.089,0.3875700000000001
1878-01-01,0.075,0.37357000000000007
1878-02-01,0.171,0.46957000000000004
1878-03-01,0.368,0.6665700000000001
1878-04-01,0.272,0.57057
1878-05-01,0.006,0.30457000000000006
1878-06-01,0.08,0.3785700000000001
1878-07-01,0.17,0.46857000000000004
1878-08-01,0.013,0.31157000000000007
1878-09-01,0.01,0.30857000000000007
1878-10-01,-0.073,0.22557000000000005
1878-11-01,-0.048,0.25057000000000007
1878-12-01,-0.033,0.2655700000000001
1879-01-01,0.037,0.33557000000000003
1879-02-01,-0.127,0.17157000000000006
1879-03-01,-0.069,0.22957000000000005
1879-04-01,-0.126,0.17257000000000006
1879-05-01,-0.171,0.12757000000000004
1879-06-01,-0.251,0.04757000000000006
1879-07-01,-0.257,0.04157000000000005
1879-08-01,-0.31,-0.01142999999999994
1879-09-01,-0.361,-0.06242999999999993
1879-10-01,-0.145,0.15357000000000007
1879-11-01,-0.218,0.08057000000000006
1879-12-01,-0.547,-0.24842999999999998
1880-01-01,-0.391,-0.09242999999999996
1880-02-01,-0.367,-0.06842999999999994
1880-03-01,-0.252,0.046570000000000056
1880-04-01,-0.262,0.03657000000000005
1880-05-01,-0.084,0.21457000000000004
1880-06-01,-0.207,0.09157000000000007
1880-07-01,-0.303,-0.004429999999999934
1880-08-01,-0.074,0.22457000000000005
1880-09-01,-0.274,0.024570000000000036
1880-10-01,-0.216,0.08257000000000006
1880-11-01,-0.174,0.12457000000000007
1880-12-01,-0.052,0.24657000000000007
1881-01-01,-0.225,0.07357000000000005
1881-02-01,0.005,0.30357000000000006
1881-03-01,-0.249,0.04957000000000006
1881-04-01,-0.016,0.28257000000000004
1881-05-01,0.053,0.35157000000000005
1881-06-01,-0.198,0.10057000000000005
1881-07-01,-0.173,0.12557000000000007
1881-08-01,-0.175,0.12357000000000007
1881-09-01,-0.313,-0.014429999999999943
1881-10-01,-0.219,0.07957000000000006
1881-11-01,-0.406,-0.10742999999999997
1881-12-01,-0.265,0.033570000000000044
1882-01-01,-0.096,0.20257000000000006
1882-02-01,-0.169,0.12957000000000005
1882-03-01,-0.233,0.06557000000000004
1882-04-01,-0.189,0.10957000000000006
1882-05-01,-0.188,0.11057000000000006
1882-06-01,-0.281,0.01757000000000003
1882-07-01,-0.266,0.03257000000000004
1882-08-01,-0.263,0.035570000000000046
1882-09-01,-0.279,0.019570000000000032
1882-10-01,-0.289,0.009570000000000078
1882-11-01,-0.245,0.05357000000000006
1882-12-01,-0.377,-0.07842999999999994
1883-01-01,-0.318,-0.019429999999999947
1883-02-01,-0.283,0.015570000000000084
1883-03-01,-0.135,0.16357000000000005
1883-04-01,-0.2,0.09857000000000005
1883-05-01,-0.209,0.08957000000000007
1883-06-01,-0.107,0.19157000000000007
1883-07-01,-0.329,-0.030429999999999957
1883-08-01,-0.502,-0.20342999999999994
1883-09-01,-0.306,-0.007429999999999937
1883-10-01,-0.398,-0.09942999999999996
1883-11-01,-0.363,-0.06442999999999993
1883-12-01,-0.428,-0.12942999999999993
1884-01-01,-0.354,-0.055429999999999924
1884-02-01,-0.134,0.16457000000000005
1884-03-01,-0.37,-0.07142999999999994
1884-04-01,-0.434,-0.13542999999999994
1884-05-01,-0.428,-0.12942999999999993
1884-06-01,-0.323,-0.024429999999999952
1884-07-01,-0.491,-0.19242999999999993
1884-08-01,-0.514,-0.21542999999999995
1884-09-01,-0.554,-0.25543
1884-10-01,-0.393,-0.09442999999999996
1884-11-01,-0.517,-0.21842999999999996
1884-12-01,-0.39,-0.09142999999999996
1885-01-01,-0.45,-0.15142999999999995
1885-02-01,-0.544,-0.24542999999999998
1885-03-01,-0.476,-0.17742999999999992
1885-04-01,-0.398,-0.09942999999999996
1885-05-01,-0.425,-0.12642999999999993
1885-06-01,-0.622,-0.32342999999999994
1885-07-01,-0.441,-0.14242999999999995
1885-08-01,-0.45,-0.15142999999999995
1885-09-01,-0.349,-0.05042999999999992
1885-10-01,-0.234,0.06457000000000004
1885-11-01,-0.325,-0.026429999999999954
1885-12-01,-0.242,0.056570000000000065
1886-01-01,-0.48,-0.18142999999999992
1886-02-01,-0.368,-0.06942999999999994
1886-03-01,-0.441,-0.14242999999999995
1886-04-01,-0.252,0.046570000000000056
1886-05-01,-0.295,0.003570000000000073
1886-06-01,-0.531,-0.23242999999999997
1886-07-01,-0.371,-0.07242999999999994
1886-08-01,-0.397,-0.09842999999999996
1886-09-01,-0.473,-0.17442999999999992
1886-10-01,-0.423,-0.12442999999999993
1886-11-01,-0.542,-0.24342999999999998
1886-12-01,-0.407,-0.10842999999999992
1887-01-01,-0.724,-0.4254299999999999
1887-02-01,-0.643,-0.34442999999999996
1887-03-01,-0.477,-0.17842999999999992
1887-04-01,-0.365,-0.06642999999999993
1887-05-01,-0.527,-0.22842999999999997
1887-06-01,-0.455,-0.15642999999999996
1887-07-01,-0.371,-0.07242999999999994
1887-08-01,-0.508,-0.20942999999999995
1887-09-01,-0.552,-0.25343
1887-10-01,-0.362,-0.06342999999999993
1887-11-01,-0.412,-0.11342999999999992
1887-12-01,-0.338,-0.039429999999999965
1888-01-01,-0.436,-0.13742999999999994
1888-02-01,-0.479,-0.18042999999999992
1888-03-01,-0.422,-0.12342999999999993
1888-04-01,-0.367,-0.06842999999999994
1888-05-01,-0.341,-0.04242999999999997
1888-06-01,-0.17,0.12857000000000005
1888-07-01,-0.351,-0.05242999999999992
1888-08-01,-0.272,0.026570000000000038
1888-09-01,-0.285,0.013570000000000082
1888-10-01,-0.109,0.18957000000000007
1888-11-01,-0.14,0.15857000000000004
1888-12-01,-0.094,0.20457000000000006
1889-01-01,-0.082,0.21657000000000004
1889-02-01,0.067,0.36557000000000006
1889-03-01,0.148,0.44657
1889-04-01,0.049,0.34757000000000005
1889-05-01,-0.051,0.24757000000000007
1889-06-01,-0.23,0.06857000000000005
1889-07-01,-0.235,0.06357000000000007
1889-08-01,-0.325,-0.026429999999999954
1889-09-01,-0.361,-0.06242999999999993
1889-10-01,-0.27,0.02857000000000004
1889-11-01,-0.427,-0.12842999999999993
1889-12-01,-0.246,0.05257000000000006
1890-01-01,-0.422,-0.12342999999999993
1890-02-01,-0.329,-0.030429999999999957
1890-03-01,-0.457,-0.15842999999999996
1890-04-01,-0.367,-0.06842999999999994
1890-05-01,-0.391,-0.09242999999999996
1890-06-01,-0.453,-0.15442999999999996
1890-07-01,-0.51,-0.21142999999999995
1890-08-01,-0.505,-0.20642999999999995
1890-09-01,-0.512,-0.21342999999999995
1890-10-01,-0.338,-0.039429999999999965
1890-11-01,-0.596,-0.2974299999999999
1890-12-01,-0.42,-0.12142999999999993
1891-01-01,-0.403,-0.10442999999999997
1891-02-01,-0.655,-0.35642999999999997
1891-03-01,-0.257,0.04157000000000005
1891-04-01,-0.332,-0.03342999999999996
1891-05-01,-0.234,0.06457000000000004
1891-06-01,-0.216,0.08257000000000006
1891-07-01,-0.439,-0.14042999999999994
1891-08-01,-0.391,-0.09242999999999996
1891-09-01,-0.282,0.016570000000000085
1891-10-01,-0.308,-0.009429999999999938
1891-11-01,-0.426,-0.12742999999999993
1891-12-01,-0.239,0.05957000000000007
1892-01-01,-0.199,0.09957000000000005
1892-02-01,-0.208,0.09057000000000007
1892-03-01,-0.366,-0.06742999999999993
1892-04-01,-0.438,-0.13942999999999994
1892-05-01,-0.413,-0.11442999999999992
1892-06-01,-0.462,-0.16342999999999996
1892-07-01,-0.519,-0.22042999999999996
1892-08-01,-0.466,-0.16742999999999997
1892-09-01,-0.428,-0.12942999999999993
1892-10-01,-0.492,-0.19342999999999994
1892-11-01,-0.669,-0.37043
1892-12-01,-0.541,-0.24242999999999998
1893-01-01,-0.75,-0.45142999999999994
1893-02-01,-0.558,-0.25943
1893-03-01,-0.328,-0.029429999999999956
1893-04-01,-0.399,-0.10042999999999996
1893-05-01,-0.372,-0.07342999999999994
1893-06-01,-0.38,-0.08142999999999995
1893-07-01,-0.212,0.08657000000000006
1893-08-01,-0.392,-0.09342999999999996
1893-09-01,-0.376,-0.07742999999999994
1893-10-01,-0.272,0.026570000000000038
1893-11-01,-0.373,-0.07442999999999994
1893-12-01,-0.385,-0.08642999999999995
1894-01-01,-0.554,-0.25543
1894-02-01,-0.449,-0.15042999999999995
1894-03-01,-0.368,-0.06942999999999994
1894-04-01,-0.378,-0.07942999999999995
1894-05-01,-0.371,-0.07242999999999994
1894-06-01,-0.456,-0.15742999999999996
1894-07-01,-0.246,0.05257000000000006
1894-08-01,-0.212,0.08657000000000006
1894-09-01,-0.383,-0.08442999999999995
1894-10-01,-0.37,-0.07142999999999994
1894-11-01,-0.361,-0.06242999999999993
1894-12-01,-0.437,-0.13842999999999994
1895-01-01,-0.391,-0.09242999999999996
1895-02-01,-0.495,-0.19642999999999994
1895-03-01,-0.322,-0.02342999999999995
1895-04-01,-0.282,0.016570000000000085
1895-05-01,-0.265,0.033570000000000044
1895-06-01,-0.256,0.04257000000000005
1895-07-01,-0.212,0.08657000000000006
1895-08-01,-0.242,0.056570000000000065
1895-09-01,-0.316,-0.017429999999999946
1895-10-01,-0.249,0.04957000000000006
1895-11-01,-0.209,0.08957000000000007
1895-12-01,-0.282,0.016570000000000085
1896-01-01,-0.191,0.10757000000000005
1896-02-01,-0.278,0.020570000000000033
1896-03-01,-0.293,0.005570000000000075
1896-04-01,-0.305,-0.006429999999999936
1896-05-01,-0.216,0.08257000000000006
1896-06-01,-0.106,0.19257000000000007
1896-07-01,-0.109,0.18957000000000007
1896-08-01,-0.06,0.23857000000000006
1896-09-01,-0.203,0.09557000000000004
1896-10-01,-0.103,0.19557000000000008
1896-11-01,-0.218,0.08057000000000006
1896-12-01,-0.091,0.20757000000000006
1897-01-01,-0.119,0.17957000000000006
1897-02-01,-0.233,0.06557000000000004
1897-03-01,-0.135,0.16357000000000005
1897-04-01,-0.068,0.23057000000000005
1897-05-01,-0.077,0.22157000000000004
1897-06-01,-0.121,0.17757000000000006
1897-07-01,-0.053,0.24557000000000007
1897-08-01,-0.08,0.21857000000000004
1897-09-01,-0.175,0.12357000000000007
1897-10-01,-0.175,0.12357000000000007
1897-11-01,-0.278,0.020570000000000033
1897-12-01,-0.263,0.035570000000000046
1898-01-01,-0.145,0.15357000000000007
1898-02-01,-0.392,-0.09342999999999996
1898-03-01,-0.452,-0.15342999999999996
1898-04-01,-0.353,-0.05442999999999992
1898-05-01,-0.335,-0.03642999999999996
1898-06-01,-0.191,0.10757000000000005
1898-07-01,-0.221,0.07757000000000006
1898-08-01,-0.36,-0.06142999999999993
1898-09-01,-0.282,0.016570000000000085
1898-10-01,-0.42,-0.12142999999999993
1898-11-01,-0.366,-0.06742999999999993
1898-12-01,-0.513,-0.21442999999999995
1899-01-01,-0.265,0.033570000000000044
1899-02-01,-0.324,-0.025429999999999953
1899-03-01,-0.313,-0.014429999999999943
1899-04-01,-0.265,0.033570000000000044
1899-05-01,-0.197,0.10157000000000005
1899-06-01,-0.322,-0.02342999999999995
1899-07-01,-0.208,0.09057000000000007
1899-08-01,-0.124,0.17457000000000006
1899-09-01,-0.131,0.16757000000000005
1899-10-01,-0.104,0.19457000000000008
1899-11-01,-0.032,0.2665700000000001
1899-12-01,-0.214,0.08457000000000006
1900-01-01,-0.301,-0.002429999999999932
1900-02-01,0.1,0.3985700000000001
1900-03-01,-0.077,0.22157000000000004
1900-04-01,-0.105,0.19357000000000008
1900-05-01,-0.163,0.13557000000000005
1900-06-01,-0.046,0.25257000000000007
1900-07-01,-0.169,0.12957000000000005
1900-08-01,-0.182,0.11657000000000006
1900-09-01,-0.107,0.19157000000000007
1900-10-01,-0.004,0.29457000000000005
1900-11-01,-0.237,0.06157000000000007
1900-12-01,-0.114,0.18457000000000007
1901-01-01,-0.289,0.009570000000000078
1901-02-01,-0.171,0.12757000000000004
1901-03-01,-0.104,0.19457000000000008
1901-04-01,-0.049,0.24957000000000007
1901-05-01,-0.022,0.27657000000000004
1901-06-01,-0.115,0.18357000000000007
1901-07-01,-0.176,0.12257000000000007
1901-08-01,-0.183,0.11557000000000006
1901-09-01,-0.28,0.01857000000000003
1901-10-01,-0.334,-0.03542999999999996
1901-11-01,-0.368,-0.06942999999999994
1901-12-01,-0.256,0.04257000000000005
1902-01-01,-0.268,0.03057000000000004
1902-02-01,-0.103,0.19557000000000008
1902-03-01,-0.347,-0.04842999999999992
1902-04-01,-0.278,0.020570000000000033
1902-05-01,-0.299,-0.00042999999999993044
1902-06-01,-0.287,0.01157000000000008
1902-07-01,-0.314,-0.015429999999999944
1902-08-01,-0.391,-0.09242999999999996
1902-09-01,-0.308,-0.009429999999999938
1902-10-01,-0.489,-0.19042999999999993
1902-11-01,-0.503,-0.20442999999999995
1902-12-01,-0.504,-0.20542999999999995
1903-01-01,-0.27,0.02857000000000004
1903-02-01,-0.245,0.05357000000000006
1903-03-01,-0.322,-0.02342999999999995
1903-04-01,-0.538,-0.23942999999999998
1903-05-01,-0.405,-0.10642999999999997
1903-06-01,-0.348,-0.04942999999999992
1903-07-01,-0.459,-0.16042999999999996
1903-08-01,-0.681,-0.38243
1903-09-01,-0.511,-0.21242999999999995
1903-10-01,-0.535,-0.23642999999999997
1903-11-01,-0.598,-0.2994299999999999
1903-12-01,-0.618,-0.31942999999999994
1904-01-01,-0.669,-0.37043
1904-02-01,-0.658,-0.35942999999999997
1904-03-01,-0.508,-0.20942999999999995
1904-04-01,-0.521,-0.22242999999999996
1904-05-01,-0.517,-0.21842999999999996
1904-06-01,-0.439,-0.14042999999999994
1904-07-01,-0.514,-0.21542999999999995
1904-08-01,-0.473,-0.17442999999999992
1904-09-01,-0.537,-0.23842999999999998
1904-10-01,-0.485,-0.18642999999999993
1904-11-01,-0.348,-0.04942999999999992
1904-12-01,-0.41,-0.11142999999999992
1905-01-01,-0.463,-0.16442999999999997
1905-02-01,-0.658,-0.35942999999999997
1905-03-01,-0.469,-0.17042999999999991
1905-04-01,-0.471,-0.17242999999999992
1905-05-01,-0.313,-0.014429999999999943
1905-06-01,-0.219,0.07957000000000006
1905-07-01,-0.237,0.06157000000000007
1905-08-01,-0.332,-0.03342999999999996
1905-09-01,-0.357,-0.058429999999999926
1905-10-01,-0.293,0.005570000000000075
1905-11-01,-0.349,-0.05042999999999992
1905-12-01,-0.289,0.009570000000000078
1906-01-01,-0.259,0.03957000000000005
1906-02-01,-0.303,-0.004429999999999934
1906-03-01,-0.156,0.14257000000000006
1906-04-01,-0.085,0.21357000000000004
1906-05-01,-0.33,-0.03142999999999996
1906-06-01,-0.15,0.14857000000000006
1906-07-01,-0.18,0.11857000000000006
1906-08-01,-0.245,0.05357000000000006
1906-09-01,-0.33,-0.03142999999999996
1906-10-01,-0.224,0.07457000000000005
1906-11-01,-0.379,-0.08042999999999995
1906-12-01,-0.291,0.007570000000000077
1907-01-01,-0.442,-0.14342999999999995
1907-02-01,-0.529,-0.23042999999999997
1907-03-01,-0.345,-0.046429999999999916
1907-04-01,-0.432,-0.13342999999999994
1907-05-01,-0.538,-0.23942999999999998
1907-06-01,-0.431,-0.13242999999999994
1907-07-01,-0.372,-0.07342999999999994
1907-08-01,-0.475,-0.17642999999999992
1907-09-01,-0.458,-0.15942999999999996
1907-10-01,-0.309,-0.01042999999999994
1907-11-01,-0.536,-0.23742999999999997
1907-12-01,-0.51,-0.21142999999999995
1908-01-01,-0.493,-0.19442999999999994
1908-02-01,-0.365,-0.06642999999999993
1908-03-01,-0.629,-0.33042999999999995
1908-04-01,-0.605,-0.3064299999999999
1908-05-01,-0.421,-0.12242999999999993
1908-06-01,-0.398,-0.09942999999999996
1908-07-01,-0.323,-0.024429999999999952
1908-08-01,-0.49,-0.19142999999999993
1908-09-01,-0.399,-0.10042999999999996
1908-10-01,-0.433,-0.13442999999999994
1908-11-01,-0.624,-0.32542999999999994
1908-12-01,-0.582,-0.2834299999999999
1909-01-01,-0.718,-0.4194299999999999
1909-02-01,-0.528,-0.22942999999999997
1909-03-01,-0.589,-0.2904299999999999
1909-04-01,-0.582,-0.2834299999999999
1909-05-01,-0.507,-0.20842999999999995
1909-06-01,-0.437,-0.13842999999999994
1909-07-01,-0.508,-0.20942999999999995
1909-08-01,-0.312,-0.013429999999999942
1909-09-01,-0.396,-0.09742999999999996
1909-10-01,-0.438,-0.13942999999999994
1909-11-01,-0.449,-0.15042999999999995
1909-12-01,-0.536,-0.23742999999999997
1910-01-01,-0.373,-0.07442999999999994
1910-02-01,-0.465,-0.16642999999999997
1910-03-01,-0.511,-0.21242999999999995
1910-04-01,-0.543,-0.24442999999999998
1910-05-01,-0.393,-0.09442999999999996
1910-06-01,-0.431,-0.13242999999999994
1910-07-01,-0.36,-0.06142999999999993
1910-08-01,-0.407,-0.10842999999999992
1910-09-01,-0.412,-0.11342999999999992
1910-10-01,-0.423,-0.12442999999999993
1910-11-01,-0.625,-0.32642999999999994
1910-12-01,-0.648,-0.34942999999999996
1911-01-01,-0.585,-0.2864299999999999
1911-02-01,-0.644,-0.34542999999999996
1911-03-01,-0.597,-0.2984299999999999
1911-04-01,-0.587,-0.2884299999999999
1911-05-01,-0.499,-0.20042999999999994
1911-06-01,-0.494,-0.19542999999999994
1911-07-01,-0.499,-0.20042999999999994
1911-08-01,-0.495,-0.19642999999999994
1911-09-01,-0.47,-0.17142999999999992
1911-10-01,-0.288,0.01057000000000008
1911-11-01,-0.297,0.0015700000000000713
1911-12-01,-0.196,0.10257000000000005
1912-01-01,-0.231,0.06757000000000005
1912-02-01,-0.152,0.14657000000000006
1912-03-01,-0.377,-0.07842999999999994
1912-04-01,-0.258,0.04057000000000005
1912-05-01,-0.28,0.01857000000000003
1912-06-01,-0.164,0.13457000000000005
1912-07-01,-0.304,-0.005429999999999935
1912-08-01,-0.501,-0.20242999999999994
1912-09-01,-0.54,-0.24142999999999998
1912-10-01,-0.566,-0.2674299999999999
1912-11-01,-0.458,-0.15942999999999996
1912-12-01,-0.449,-0.15042999999999995
1913-01-01,-0.492,-0.19342999999999994
1913-02-01,-0.494,-0.19542999999999994
1913-03-01,-0.48,-0.18142999999999992
1913-04-01,-0.369,-0.07042999999999994
1913-05-01,-0.422,-0.12342999999999993
1913-06-01,-0.417,-0.11842999999999992
1913-07-01,-0.372,-0.07342999999999994
1913-08-01,-0.345,-0.046429999999999916
1913-09-01,-0.45,-0.15142999999999995
1913-10-01,-0.339,-0.040429999999999966
1913-11-01,-0.315,-0.016429999999999945
1913-12-01,-0.053,0.24557000000000007
1914-01-01,-0.11,0.18857000000000007
1914-02-01,-0.252,0.046570000000000056
1914-03-01,-0.366,-0.06742999999999993
1914-04-01,-0.326,-0.027429999999999954
1914-05-01,-0.295,0.003570000000000073
1914-06-01,-0.237,0.06157000000000007
1914-07-01,-0.18,0.11857000000000006
1914-08-01,-0.164,0.13457000000000005
1914-09-01,-0.247,0.05157000000000006
1914-10-01,-0.031,0.2675700000000001
1914-11-01,-0.186,0.11257000000000006
1914-12-01,-0.179,0.11957000000000007
1915-01-01,-0.245,0.05357000000000006
1915-02-01,-0.155,0.14357000000000006
1915-03-01,-0.013,0.28557000000000005
1915-04-01,-0.067,0.23157000000000005
1915-05-01,-0.014,0.28457000000000005
1915-06-01,-0.048,0.25057000000000007
1915-07-01,-0.115,0.18357000000000007
1915-08-01,-0.12,0.17857000000000006
1915-09-01,-0.191,0.10757000000000005
1915-10-01,-0.163,0.13557000000000005
1915-11-01,-0.119,0.17957000000000006
1915-12-01,-0.307,-0.008429999999999938
1916-01-01,-0.239,0.05957000000000007
1916-02-01,-0.096,0.20257000000000006
1916-03-01,-0.33,-0.03142999999999996
1916-04-01,-0.317,-0.018429999999999946
1916-05-01,-0.285,0.013570000000000082
1916-06-01,-0.373,-0.07442999999999994
1916-07-01,-0.283,0.015570000000000084
1916-08-01,-0.316,-0.017429999999999946
1916-09-01,-0.371,-0.07242999999999994
1916-10-01,-0.458,-0.15942999999999996
1916-11-01,-0.612,-0.31342999999999993
1916-12-01,-0.725,-0.4264299999999999
1917-01-01,-0.609,-0.31042999999999993
1917-02-01,-0.677,-0.37843
1917-03-01,-0.78,-0.48142999999999997
1917-04-01,-0.492,-0.19342999999999994
1917-05-01,-0.532,-0.23342999999999997
1917-06-01,-0.426,-0.12742999999999993
1917-07-01,-0.226,0.07257000000000005
1917-08-01,-0.253,0.045570000000000055
1917-09-01,-0.221,0.07757000000000006
1917-10-01,-0.442,-0.14342999999999995
1917-11-01,-0.527,-0.22842999999999997
1917-12-01,-0.779,-0.48042999999999997
1918-01-01,-0.526,-0.22742999999999997
1918-02-01,-0.593,-0.2944299999999999
1918-03-01,-0.466,-0.16742999999999997
1918-04-01,-0.5,-0.20142999999999994
1918-05-01,-0.421,-0.12242999999999993
1918-06-01,-0.343,-0.04442999999999997
1918-07-01,-0.284,0.014570000000000083
1918-08-01,-0.409,-0.11042999999999992
1918-09-01,-0.239,0.05957000000000007
1918-10-01,-0.089,0.20957000000000006
1918-11-01,-0.143,0.15557000000000007
1918-12-01,-0.278,0.020570000000000033
1919-01-01,-0.247,0.05157000000000006
1919-02-01,-0.189,0.10957000000000006
1919-03-01,-0.371,-0.07242999999999994
1919-04-01,-0.164,0.13457000000000005
1919-05-01,-0.236,0.06257000000000007
1919-06-01,-0.237,0.06157000000000007
1919-07-01,-0.3,-0.0014299999999999313
1919-08-01,-0.352,-0.05342999999999992
1919-09-01,-0.337,-0.038429999999999964
1919-10-01,-0.309,-0.01042999999999994
1919-11-01,-0.441,-0.14242999999999995
1919-12-01,-0.421,-0.12242999999999993
1920-01-01,-0.2,0.09857000000000005
1920-02-01,-0.287,0.01157000000000008
1920-03-01,-0.144,0.15457000000000007
1920-04-01,-0.229,0.06957000000000005
1920-05-01,-0.179,0.11957000000000007
1920-06-01,-0.154,0.14457000000000006
1920-07-01,-0.269,0.02957000000000004
1920-08-01,-0.177,0.12157000000000007
1920-09-01,-0.15,0.14857000000000006
1920-10-01,-0.162,0.13657000000000005
1920-11-01,-0.275,0.023570000000000035
1920-12-01,-0.388,-0.08942999999999995
1921-01-01,-0.18,0.11857000000000006
1921-02-01,-0.186,0.11257000000000006
1921-03-01,-0.303,-0.004429999999999934
1921-04-01,-0.267,0.03157000000000004
1921-05-01,-0.244,0.05457000000000006
1921-06-01,-0.178,0.12057000000000007
1921-07-01,-0.09,0.20857000000000006
1921-08-01,-0.177,0.12157000000000007
1921-09-01,-0.164,0.13457000000000005
1921-10-01,-0.05,0.24857000000000007
1921-11-01,-0.136,0.16257000000000005
1921-12-01,-0.136,0.16257000000000005
1922-01-01,-0.288,0.01057000000000008
1922-02-01,-0.301,-0.002429999999999932
1922-03-01,-0.186,0.11257000000000006
1922-04-01,-0.113,0.18557000000000007
1922-05-01,-0.292,0.006570000000000076
1922-06-01,-0.291,0.007570000000000077
1922-07-01,-0.183,0.11557000000000006
1922-08-01,-0.336,-0.03742999999999996
1922-09-01,-0.32,-0.02142999999999995
1922-10-01,-0.288,0.01057000000000008
1922-11-01,-0.262,0.03657000000000005
1922-12-01,-0.278,0.020570000000000033
1923-01-01,-0.251,0.04757000000000006
1923-02-01,-0.37,-0.07142999999999994
1923-03-01,-0.368,-0.06942999999999994
1923-04-01,-0.278,0.020570000000000033
1923-05-01,-0.229,0.06957000000000005
1923-06-01,-0.121,0.17757000000000006
1923-07-01,-0.253,0.045570000000000055
1923-08-01,-0.273,0.025570000000000037
1923-09-01,-0.292,0.006570000000000076
1923-10-01,-0.069,0.22957000000000005
1923-11-01,-0.01,0.28857000000000005
1923-12-01,0.037,0.33557000000000003
1924-01-01,-0.265,0.033570000000000044
1924-02-01,-0.122,0.17657000000000006
1924-03-01,-0.047,0.25157000000000007
1924-04-01,-0.274,0.024570000000000036
1924-05-01,-0.144,0.15457000000000007
1924-06-01,-0.156,0.14257000000000006
1924-07-01,-0.227,0.07157000000000005
1924-08-01,-0.348,-0.04942999999999992
1924-09-01,-0.294,0.004570000000000074
1924-10-01,-0.28,0.01857000000000003
1924-11-01,-0.213,0.08557000000000006
1924-12-01,-0.393,-0.09442999999999996
1925-01-01,-0.407,-0.10842999999999992
1925-02-01,-0.413,-0.11442999999999992
1925-03-01,-0.262,0.03657000000000005
1925-04-01,-0.236,0.06257000000000007
1925-05-01,-0.157,0.14157000000000006
1925-06-01,-0.194,0.10457000000000005
1925-07-01,-0.217,0.08157000000000006
1925-08-01,-0.175,0.12357000000000007
1925-09-01,-0.191,0.10757000000000005
1925-10-01,-0.101,0.19757000000000005
1925-11-01,-0.027,0.27157000000000003
1925-12-01,0.072,0.37057000000000007
1926-01-01,0.158,0.45657000000000003
1926-02-01,-0.005,0.29357000000000005
1926-03-01,0.049,0.34757000000000005
1926-04-01,-0.092,0.20657000000000006
1926-05-01,-0.163,0.13557000000000005
1926-06-01,-0.081,0.21757000000000004
1926-07-01,-0.211,0.08757000000000006
1926-08-01,-0.141,0.15757000000000007
1926-09-01,-0.104,0.19457000000000008
1926-10-01,0.024,0.3225700000000001
1926-11-01,-0.053,0.24557000000000007
1926-12-01,-0.197,0.10157000000000005
1927-01-01,-0.229,0.06957000000000005
1927-02-01,-0.106,0.19257000000000007
1927-03-01,-0.292,0.006570000000000076
1927-04-01,-0.261,0.03757000000000005
1927-05-01,-0.128,0.17057000000000005
1927-06-01,-0.161,0.13757000000000005
1927-07-01,-0.071,0.22757000000000005
1927-08-01,-0.105,0.19357000000000008
1927-09-01,-0.128,0.17057000000000005
1927-10-01,0.124,0.42257000000000006
1927-11-01,-0.028,0.27057000000000003
1927-12-01,-0.287,0.01157000000000008
1928-01-01,0.019,0.3175700000000001
1928-02-01,-0.075,0.22357000000000005
1928-03-01,-0.216,0.08257000000000006
1928-04-01,-0.176,0.12257000000000007
1928-05-01,-0.195,0.10357000000000005
1928-06-01,-0.211,0.08757000000000006
1928-07-01,-0.15,0.14857000000000006
1928-08-01,-0.176,0.12257000000000007
1928-09-01,-0.178,0.12057000000000007
1928-10-01,-0.123,0.17557000000000006
1928-11-01,-0.159,0.13957000000000006
1928-12-01,-0.139,0.15957000000000005
1929-01-01,-0.358,-0.05942999999999993
1929-02-01,-0.445,-0.14642999999999995
1929-03-01,-0.363,-0.06442999999999993
1929-04-01,-0.386,-0.08742999999999995
1929-05-01,-0.351,-0.05242999999999992
1929-06-01,-0.222,0.07657000000000005
1929-07-01,-0.342,-0.04342999999999997
1929-08-01,-0.179,0.11957000000000007
1929-09-01,-0.274,0.024570000000000036
1929-10-01,-0.155,0.14357000000000006
1929-11-01,-0.128,0.17057000000000005
1929-12-01,-0.457,-0.15842999999999996
1930-01-01,-0.225,0.07357000000000005
1930-02-01,-0.244,0.05457000000000006
1930-03-01,-0.105,0.19357000000000008
1930-04-01,-0.154,0.14457000000000006
1930-05-01,-0.083,0.21557000000000004
1930-06-01,-0.018,0.28057000000000004
1930-07-01,-0.071,0.22757000000000005
1930-08-01,-0.035,0.2635700000000001
1930-09-01,-0.092,0.20657000000000006
1930-10-01,-0.006,0.29257000000000005
1930-11-01,0.152,0.45057
1930-12-01,0.015,0.31357000000000007
1931-01-01,-0.056,0.24257000000000006
1931-02-01,-0.172,0.12657000000000007
1931-03-01,-0.097,0.20157000000000005
1931-04-01,-0.132,0.16657000000000005
1931-05-01,-0.152,0.14657000000000006
1931-06-01,-0.01,0.28857000000000005
1931-07-01,0.037,0.33557000000000003
1931-08-01,-0.01,0.28857000000000005
1931-09-01,0.009,0.30757000000000007
1931-10-01,0.12,0.41857000000000005
1931-11-01,-0.054,0.24457000000000007
1931-12-01,-0.029,0.26957000000000003
1932-01-01,0.082,0.3805700000000001
1932-02-01,-0.22,0.07857000000000006
1932-03-01,-0.133,0.16557000000000005
1932-04-01,0.006,0.30457000000000006
1932-05-01,-0.052,0.24657000000000007
1932-06-01,-0.115,0.18357000000000007
1932-07-01,-0.051,0.24757000000000007
1932-08-01,-0.133,0.16557000000000005
1932-09-01,0.009,0.30757000000000007
1932-10-01,-0.067,0.23157000000000005
1932-11-01,-0.263,0.035570000000000046
1932-12-01,-0.212,0.08657000000000006
1933-01-01,-0.246,0.05257000000000006
1933-02-01,-0.302,-0.003429999999999933
1933-03-01,-0.347,-0.04842999999999992
1933-04-01,-0.244,0.05457000000000006
1933-05-01,-0.221,0.07757000000000006
1933-06-01,-0.229,0.06957000000000005
1933-07-01,-0.248,0.05057000000000006
1933-08-01,-0.202,0.09657000000000004
1933-09-01,-0.323,-0.024429999999999952
1933-10-01,-0.134,0.16457000000000005
1933-11-01,-0.363,-0.06442999999999993
1933-12-01,-0.451,-0.15242999999999995
1934-01-01,-0.266,0.03257000000000004
1934-02-01,-0.074,0.22457000000000005
1934-03-01,-0.369,-0.07042999999999994
1934-04-01,-0.313,-0.014429999999999943
1934-05-01,-0.109,0.18957000000000007
1934-06-01,-0.055,0.24357000000000006
1934-07-01,-0.102,0.19657000000000008
1934-08-01,-0.157,0.14157000000000006
1934-09-01,-0.118,0.18057000000000006
1934-10-01,0.0,0.29857000000000006
1934-11-01,0.121,0.41957000000000005
1934-12-01,-0.082,0.21657000000000004
1935-01-01,-0.314,-0.015429999999999944
1935-02-01,0.103,0.40157000000000004
1935-03-01,-0.175,0.12357000000000007
1935-04-01,-0.266,0.03257000000000004
1935-05-01,-0.24,0.058570000000000066
1935-06-01,-0.155,0.14357000000000006
1935-07-01,-0.073,0.22557000000000005
1935-08-01,-0.105,0.19357000000000008
1935-09-01,-0.166,0.13257000000000005
1935-10-01,-0.054,0.24457000000000007
1935-11-01,-0.304,-0.005429999999999935
1935-12-01,-0.185,0.11357000000000006
1936-01-01,-0.302,-0.003429999999999933
1936-02-01,-0.321,-0.02242999999999995
1936-03-01,-0.226,0.07257000000000005
1936-04-01,-0.16,0.13857000000000005
1936-05-01,-0.13,0.16857000000000005
1936-06-01,-0.08,0.21857000000000004
1936-07-01,-0.008,0.29057000000000005
1936-08-01,-0.028,0.27057000000000003
1936-09-01,-0.071,0.22757000000000005
1936-10-01,0.047,0.34557000000000004
1936-11-01,-0.087,0.21157000000000006
1936-12-01,0.016,0.31457000000000007
1937-01-01,-0.089,0.20957000000000006
1937-02-01,0.049,0.34757000000000005
1937-03-01,-0.151,0.14757000000000006
1937-04-01,-0.065,0.23357000000000006
1937-05-01,-0.055,0.24357000000000006
1937-06-01,0.008,0.30657000000000006
1937-07-01,0.073,0.37157000000000007
1937-08-01,0.066,0.36457000000000006
1937-09-01,0.164,0.46257000000000004
1937-10-01,0.189,0.48757000000000006
1937-11-01,0.078,0.37657000000000007
1937-12-01,-0.029,0.26957000000000003
1938-01-01,0.069,0.36757000000000006
1938-02-01,0.092,0.3905700000000001
1938-03-01,0.058,0.35657000000000005
1938-04-01,0.014,0.31257000000000007
1938-05-01,-0.072,0.22657000000000005
1938-06-01,-0.122,0.17657000000000006
1938-07-01,-0.026,0.27257000000000003
1938-08-01,-0.019,0.27957000000000004
1938-09-01,0.058,0.35657000000000005
1938-10-01,0.167,0.46557000000000004
1938-11-01,0.063,0.36157000000000006
1938-12-01,-0.122,0.17657000000000006
1939-01-01,-0.077,0.22157000000000004
1939-02-01,-0.11,0.18857000000000007
1939-03-01,-0.233,0.06557000000000004
1939-04-01,-0.043,0.2555700000000001
1939-05-01,0.089,0.3875700000000001
1939-06-01,0.074,0.37257000000000007
1939-07-01,-0.029,0.26957000000000003
1939-08-01,0.012,0.31057000000000007
1939-09-01,0.044,0.34257000000000004
1939-10-01,-0.087,0.21157000000000006
1939-11-01,-0.023,0.27557000000000004
1939-12-01,0.323,0.6215700000000001
1940-01-01,0.002,0.30057000000000006
1940-02-01,0.105,0.40357000000000004
1940-03-01,0.11,0.40857000000000004
1940-04-01,0.156,0.45457000000000003
1940-05-01,0.113,0.41157000000000005
1940-06-01,0.074,0.37257000000000007
1940-07-01,0.115,0.41357000000000005
1940-08-01,0.059,0.35757000000000005
1940-09-01,0.083,0.3815700000000001
1940-10-01,0.077,0.37557000000000007
1940-11-01,0.002,0.30057000000000006
1940-12-01,0.155,0.45357000000000003
1941-01-01,-0.132,0.16657000000000005
1941-02-01,0.066,0.36457000000000006
1941-03-01,-0.038,0.2605700000000001
1941-04-01,0.027,0.3255700000000001
1941-05-01,0.07,0.36857000000000006
1941-06-01,0.113,0.41157000000000005
1941-07-01,0.197,0.49557000000000007
1941-08-01,0.016,0.31457000000000007
1941-09-01,-0.109,0.18957000000000007
1941-10-01,0.216,0.5145700000000001
1941-11-01,0.028,0.3265700000000001
1941-12-01,0.072,0.37057000000000007
1942-01-01,0.249,0.5475700000000001
1942-02-01,0.005,0.30357000000000006
1942-03-01,0.037,0.33557000000000003
1942-04-01,-0.028,0.27057000000000003
1942-05-01,0.092,0.3905700000000001
1942-06-01,0.08,0.3785700000000001
1942-07-01,-0.032,0.2665700000000001
1942-08-01,-0.071,0.22757000000000005
1942-09-01,-0.01,0.28857000000000005
1942-10-01,0.038,0.33657000000000004
1942-11-01,-0.013,0.28557000000000005
1942-12-01,0.046,0.34457000000000004
1943-01-01,-0.054,0.24457000000000007
1943-02-01,0.099,0.3975700000000001
1943-03-01,-0.086,0.21257000000000006
1943-04-01,0.073,0.37157000000000007
1943-05-01,0.063,0.36157000000000006
1943-06-01,0.021,0.3195700000000001
1943-07-01,0.023,0.3215700000000001
1943-08-01,0.072,0.37057000000000007
1943-09-01,0.05,0.34857000000000005
1943-10-01,0.311,0.6095700000000001
1943-11-01,0.153,0.45157
1943-12-01,0.17,0.46857000000000004
1944-01-01,0.287,0.58557
1944-02-01,0.229,0.5275700000000001
1944-03-01,0.229,0.5275700000000001
1944-04-01,0.134,0.43257000000000007
1944-05-01,0.201,0.49957000000000007
1944-06-01,0.092,0.3905700000000001
1944-07-01,0.152,0.45057
1944-08-01,0.221,0.5195700000000001
1944-09-01,0.29,0.58857
1944-10-01,0.271,0.5695700000000001
1944-11-01,0.073,0.37157000000000007
1944-12-01,0.166,0.46457000000000004
1945-01-01,0.117,0.41557000000000005
1945-02-01,0.07,0.36857000000000006
1945-03-01,0.043,0.34157000000000004
1945-04-01,0.166,0.46457000000000004
1945-05-01,0.05,0.34857000000000005
1945-06-01,0.086,0.3845700000000001
1945-07-01,0.045,0.34357000000000004
1945-08-01,0.26,0.55857
1945-09-01,0.105,0.40357000000000004
1945-10-01,0.278,0.57657
1945-11-01,0.068,0.36657000000000006
1945-12-01,-0.082,0.21657000000000004
1946-01-01,0.049,0.34757000000000005
1946-02-01,-0.14,0.15857000000000004
1946-03-01,-0.03,0.2685700000000001
1946-04-01,0.057,0.35557000000000005
1946-05-01,0.006,0.30457000000000006
1946-06-01,-0.203,0.09557000000000004
1946-07-01,-0.051,0.24757000000000007
1946-08-01,-0.127,0.17157000000000006
1946-09-01,-0.084,0.21457000000000004
1946-10-01,0.003,0.30157000000000006
1946-11-01,-0.052,0.24657000000000007
1946-12-01,-0.238,0.06057000000000007
1947-01-01,-0.024,0.27457000000000004
1947-02-01,-0.027,0.27157000000000003
1947-03-01,0.115,0.41357000000000005
1947-04-01,0.042,0.34057000000000004
1947-05-01,-0.029,0.26957000000000003
1947-06-01,0.074,0.37257000000000007
1947-07-01,-0.001,0.29757000000000006
1947-08-01,-0.118,0.18057000000000006
1947-09-01,-0.103,0.19557000000000008
1947-10-01,0.076,0.37457000000000007
1947-11-01,0.009,0.30757000000000007
1947-12-01,-0.104,0.19457000000000008
1948-01-01,0.01,0.30857000000000007
1948-02-01,-0.143,0.15557000000000007
1948-03-01,-0.191,0.10757000000000005
1948-04-01,-0.147,0.15157000000000007
1948-05-01,0.157,0.45557000000000003
1948-06-01,0.046,0.34457000000000004
1948-07-01,-0.063,0.23557000000000006
1948-08-01,-0.029,0.26957000000000003
1948-09-01,-0.113,0.18557000000000007
1948-10-01,-0.006,0.29257000000000005
1948-11-01,-0.148,0.15057000000000006
1948-12-01,-0.263,0.035570000000000046
1949-01-01,0.06,0.35857000000000006
1949-02-01,-0.192,0.10657000000000005
1949-03-01,-0.104,0.19457000000000008
1949-04-01,-0.107,0.19157000000000007
1949-05-01,-0.038,0.2605700000000001
1949-06-01,-0.124,0.17457000000000006
1949-07-01,-0.135,0.16357000000000005
1949-08-01,-0.091,0.20757000000000006
1949-09-01,-0.144,0.15457000000000007
1949-10-01,-0.062,0.23657000000000006
1949-11-01,-0.152,0.14657000000000006
1949-12-01,-0.067,0.23157000000000005
1950-01-01,-0.299,-0.00042999999999993044
1950-02-01,-0.341,-0.04242999999999997
1950-03-01,-0.166,0.13257000000000005
1950-04-01,-0.186,0.11257000000000006
1950-05-01,-0.039,0.2595700000000001
1950-06-01,-0.053,0.24557000000000007
1950-07-01,-0.049,0.24957000000000007
1950-08-01,-0.107,0.19157000000000007
1950-09-01,-0.205,0.09357000000000007
1950-10-01,-0.104,0.19457000000000008
1950-11-01,-0.317,-0.018429999999999946
1950-12-01,-0.196,0.10257000000000005
1951-01-01,-0.345,-0.046429999999999916
1951-02-01,-0.429,-0.13042999999999993
1951-03-01,-0.184,0.11457000000000006
1951-04-01,-0.074,0.22457000000000005
1951-05-01,0.087,0.3855700000000001
1951-06-01,0.134,0.43257000000000007
1951-07-01,0.031,0.32957000000000003
1951-08-01,0.118,0.41657000000000005
1951-09-01,0.11,0.40857000000000004
1951-10-01,0.224,0.5225700000000001
1951-11-01,-0.003,0.29557000000000005
1951-12-01,0.187,0.48557000000000006
1952-01-01,0.156,0.45457000000000003
1952-02-01,0.129,0.42757000000000006
1952-03-01,-0.052,0.24657000000000007
1952-04-01,0.115,0.41357000000000005
1952-05-01,0.134,0.43257000000000007
1952-06-01,0.085,0.3835700000000001
1952-07-01,0.103,0.40157000000000004
1952-08-01,0.111,0.40957000000000005
1952-09-01,0.147,0.44557
1952-10-01,0.097,0.3955700000000001
1952-11-01,-0.084,0.21457000000000004
1952-12-01,0.06,0.35857000000000006
1953-01-01,0.079,0.37757000000000007
1953-02-01,0.204,0.5025700000000001
1953-03-01,0.111,0.40957000000000005
1953-04-01,0.292,0.59057
1953-05-01,0.298,0.59657
1953-06-01,0.247,0.5455700000000001
1953-07-01,0.114,0.41257000000000005
1953-08-01,0.087,0.3855700000000001
1953-09-01,0.085,0.3835700000000001
1953-10-01,0.119,0.41757000000000005
1953-11-01,0.017,0.3155700000000001
1953-12-01,0.147,0.44557
1954-01-01,-0.17,0.12857000000000005
1954-02-01,-0.026,0.27257000000000003
1954-03-01,-0.072,0.22657000000000005
1954-04-01,-0.1,0.19857000000000005
1954-05-01,-0.09,0.20857000000000006
1954-06-01,0.014,0.31257000000000007
1954-07-01,-0.058,0.24057000000000006
1954-08-01,-0.084,0.21457000000000004
1954-09-01,-0.13,0.16857000000000005
1954-10-01,0.082,0.3805700000000001
1954-11-01,0.097,0.3955700000000001
1954-12-01,-0.059,0.23957000000000006
1955-01-01,0.165,0.46357000000000004
1955-02-01,-0.186,0.11257000000000006
1955-03-01,-0.32,-0.02142999999999995
1955-04-01,-0.2,0.09857000000000005
1955-05-01,-0.195,0.10357000000000005
1955-06-01,-0.09,0.20857000000000006
1955-07-01,-0.136,0.16257000000000005
1955-08-01,0.143,0.44157
1955-09-01,-0.104,0.19457000000000008
1955-10-01,-0.03,0.2685700000000001
1955-11-01,-0.251,0.04757000000000006
1955-12-01,-0.262,0.03657000000000005
1956-01-01,-0.117,0.18157000000000006
1956-02-01,-0.191,0.10757000000000005
1956-03-01,-0.267,0.03157000000000004
1956-04-01,-0.251,0.04757000000000006
1956-05-01,-0.251,0.04757000000000006
1956-06-01,-0.164,0.13457000000000005
1956-07-01,-0.121,0.17757000000000006
1956-08-01,-0.306,-0.007429999999999937
1956-09-01,-0.251,0.04757000000000006
1956-10-01,-0.201,0.09757000000000005
1956-11-01,-0.178,0.12057000000000007
1956-12-01,-0.025,0.27357000000000004
1957-01-01,-0.138,0.16057000000000005
1957-02-01,-0.085,0.21357000000000004
1957-03-01,-0.115,0.18357000000000007
1957-04-01,0.023,0.3215700000000001
1957-05-01,0.132,0.43057000000000006
1957-06-01,0.182,0.48057000000000005
1957-07-01,0.001,0.29957000000000006
1957-08-01,0.113,0.41157000000000005
1957-09-01,0.037,0.33557000000000003
1957-10-01,0.116,0.41457000000000005
1957-11-01,0.08,0.3785700000000001
1957-12-01,0.134,0.43257000000000007
1958-01-01,0.314,0.6125700000000001
1958-02-01,0.168,0.46657000000000004
1958-03-01,0.102,0.40057000000000004
1958-04-01,0.02,0.3185700000000001
1958-05-01,0.054,0.35257000000000005
1958-06-01,-0.035,0.2635700000000001
1958-07-01,0.032,0.33057000000000003
1958-08-01,-0.025,0.27357000000000004
1958-09-01,-0.089,0.20957000000000006
1958-10-01,0.062,0.36057000000000006
1958-11-01,0.029,0.3275700000000001
1958-12-01,0.067,0.36557000000000006
1959-01-01,0.071,0.36957000000000007
1959-02-01,0.018,0.3165700000000001
1959-03-01,0.119,0.41757000000000005
1959-04-01,0.162,0.46057000000000003
1959-05-01,0.069,0.36757000000000006
1959-06-01,0.079,0.37757000000000007
1959-07-01,0.063,0.36157000000000006
1959-08-01,0.003,0.30157000000000006
1959-09-01,-0.066,0.23257000000000005
1959-10-01,0.028,0.3265700000000001
1959-11-01,-0.131,0.16757000000000005
1959-12-01,0.012,0.31057000000000007
1960-01-01,-0.032,0.2665700000000001
1960-02-01,0.11,0.40857000000000004
1960-03-01,-0.334,-0.03542999999999996
1960-04-01,-0.175,0.12357000000000007
1960-05-01,-0.064,0.23457000000000006
1960-06-01,-0.007,0.29157000000000005
1960-07-01,-0.014,0.28457000000000005
1960-08-01,0.041,0.33957000000000004
1960-09-01,0.026,0.3245700000000001
1960-10-01,0.041,0.33957000000000004
1960-11-01,-0.159,0.13957000000000006
1960-12-01,0.176,0.47457000000000005
1961-01-01,0.044,0.34257000000000004
1961-02-01,0.144,0.44257
1961-03-01,0.022,0.3205700000000001
1961-04-01,0.147,0.44557
1961-05-01,0.157,0.45557000000000003
1961-06-01,0.166,0.46457000000000004
1961-07-01,0.013,0.31157000000000007
1961-08-01,0.037,0.33557000000000003
1961-09-01,-0.008,0.29057000000000005
1961-10-01,0.034,0.33257000000000003
1961-11-01,0.015,0.31357000000000007
1961-12-01,-0.129,0.16957000000000005
1962-01-01,0.034,0.33257000000000003
1962-02-01,0.115,0.41357000000000005
1962-03-01,0.11,0.40857000000000004
1962-04-01,0.028,0.3265700000000001
1962-05-01,-0.141,0.15757000000000007
1962-06-01,-0.028,0.27057000000000003
1962-07-01,-0.049,0.24957000000000007
1962-08-01,-0.059,0.23957000000000006
1962-09-01,-0.069,0.22957000000000005
1962-10-01,0.003,0.30157000000000006
1962-11-01,0.018,0.3165700000000001
1962-12-01,-0.014,0.28457000000000005
1963-01-01,-0.039,0.2595700000000001
1963-02-01,0.113,0.41157000000000005
1963-03-01,-0.255,0.04357000000000005
1963-04-01,-0.099,0.19957000000000005
1963-05-01,-0.087,0.21157000000000006
1963-06-01,0.002,0.30057000000000006
1963-07-01,0.131,0.42957000000000006
1963-08-01,0.272,0.57057
1963-09-01,0.164,0.46257000000000004
1963-10-01,0.183,0.48157000000000005
1963-11-01,0.136,0.43457000000000007
1963-12-01,0.05,0.34857000000000005
1964-01-01,-0.099,0.19957000000000005
1964-02-01,-0.138,0.16057000000000005
1964-03-01,-0.319,-0.020429999999999948
1964-04-01,-0.347,-0.04842999999999992
1964-05-01,-0.29,0.008570000000000078
1964-06-01,-0.043,0.2555700000000001
1964-07-01,-0.08,0.21857000000000004
1964-08-01,-0.215,0.08357000000000006
1964-09-01,-0.337,-0.038429999999999964
1964-10-01,-0.26,0.03857000000000005
1964-11-01,-0.263,0.035570000000000046
1964-12-01,-0.295,0.003570000000000073
1965-01-01,-0.089,0.20957000000000006
1965-02-01,-0.178,0.12057000000000007
1965-03-01,-0.192,0.10657000000000005
1965-04-01,-0.22,0.07857000000000006
1965-05-01,-0.11,0.18857000000000007
1965-06-01,-0.114,0.18457000000000007
1965-07-01,-0.15,0.14857000000000006
1965-08-01,-0.093,0.20557000000000006
1965-09-01,-0.2,0.09857000000000005
1965-10-01,0.017,0.3155700000000001
1965-11-01,-0.07,0.22857000000000005
1965-12-01,-0.042,0.2565700000000001
1966-01-01,-0.173,0.12557000000000007
1966-02-01,-0.066,0.23257000000000005
1966-03-01,-0.069,0.22957000000000005
1966-04-01,-0.07,0.22857000000000005
1966-05-01,-0.123,0.17557000000000006
1966-06-01,0.016,0.31457000000000007
1966-07-01,0.081,0.3795700000000001
1966-08-01,-0.057,0.24157000000000006
1966-09-01,-0.029,0.26957000000000003
1966-10-01,-0.133,0.16557000000000005
1966-11-01,-0.054,0.24457000000000007
1966-12-01,-0.034,0.2645700000000001
1967-01-01,-0.121,0.17757000000000006
1967-02-01,-0.255,0.04357000000000005
1967-03-01,-0.03,0.2685700000000001
1967-04-01,-0.051,0.24757000000000007
1967-05-01,0.16,0.45857000000000003
1967-06-01,-0.045,0.2535700000000001
1967-07-01,0.002,0.30057000000000006
1967-08-01,-0.03,0.2685700000000001
1967-09-01,-0.071,0.22757000000000005
1967-10-01,0.04,0.33857000000000004
1967-11-01,-0.114,0.18457000000000007
1967-12-01,-0.065,0.23357000000000006
1968-01-01,-0.25,0.04857000000000006
1968-02-01,-0.2,0.09857000000000005
1968-03-01,0.079,0.37757000000000007
1968-04-01,-0.108,0.19057000000000007
1968-05-01,-0.154,0.14457000000000006
1968-06-01,-0.045,0.2535700000000001
1968-07-01,-0.175,0.12357000000000007
1968-08-01,-0.098,0.20057000000000005
1968-09-01,-0.186,0.11257000000000006
1968-10-01,0.081,0.3795700000000001
1968-11-01,-0.094,0.20457000000000006
1968-12-01,-0.104,0.19457000000000008
1969-01-01,-0.106,0.19257000000000007
1969-02-01,-0.157,0.14157000000000006
1969-03-01,-0.062,0.23657000000000006
1969-04-01,0.113,0.41157000000000005
1969-05-01,0.164,0.46257000000000004
1969-06-01,0.085,0.3835700000000001
1969-07-01,-0.041,0.2575700000000001
1969-08-01,-0.001,0.29757000000000006
1969-09-01,0.035,0.33357000000000003
1969-10-01,0.107,0.40557000000000004
1969-11-01,0.078,0.37657000000000007
1969-12-01,0.242,0.54057
1970-01-01,0.093,0.3915700000000001
1970-02-01,0.125,0.42357000000000006
1970-03-01,-0.011,0.28757000000000005
1970-04-01,0.042,0.34057000000000004
1970-05-01,-0.029,0.26957000000000003
1970-06-01,-0.036,0.2625700000000001
1970-07-01,-0.016,0.28257000000000004
1970-08-01,-0.145,0.15357000000000007
1970-09-01,0.044,0.34257000000000004
1970-10-01,0.02,0.3185700000000001
1970-11-01,-0.063,0.23557000000000006
1970-12-01,-0.131,0.16757000000000005
1971-01-01,-0.089,0.20957000000000006
1971-02-01,-0.23,0.06857000000000005
1971-03-01,-0.248,0.05057000000000006
1971-04-01,-0.113,0.18557000000000007
1971-05-01,-0.064,0.23457000000000006
1971-06-01,-0.127,0.17157000000000006
1971-07-01,-0.13,0.16857000000000005
1971-08-01,-0.135,0.16357000000000005
1971-09-01,-0.076,0.22257000000000005
1971-10-01,-0.044,0.2545700000000001
1971-11-01,-0.094,0.20457000000000006
1971-12-01,-0.135,0.16357000000000005
1972-01-01,-0.269,0.02957000000000004
1972-02-01,-0.237,0.06157000000000007
1972-03-01,-0.026,0.27257000000000003
1972-04-01,-0.003,0.29557000000000005
1972-05-01,-0.007,0.29157000000000005
1972-06-01,0.089,0.3875700000000001
1972-07-01,-0.003,0.29557000000000005
1972-08-01,0.135,0.43357000000000007
1972-09-01,0.033,0.33157000000000003
1972-10-01,0.071,0.36957000000000007
1972-11-01,-0.018,0.28057000000000004
1972-12-01,0.227,0.5255700000000001
1973-01-01,0.234,0.5325700000000001
1973-02-01,0.241,0.5395700000000001
1973-03-01,0.168,0.46657000000000004
1973-04-01,0.245,0.5435700000000001
1973-05-01,0.223,0.5215700000000001
1973-06-01,0.221,0.5195700000000001
1973-07-01,0.105,0.40357000000000004
1973-08-01,0.033,0.33157000000000003
1973-09-01,0.025,0.3235700000000001
1973-10-01,0.062,0.36057000000000006
1973-11-01,0.025,0.3235700000000001
1973-12-01,-0.021,0.27757000000000004
1974-01-01,-0.185,0.11357000000000006
1974-02-01,-0.326,-0.027429999999999954
1974-03-01,-0.159,0.13957000000000006
1974-04-01,-0.137,0.16157000000000005
1974-05-01,-0.072,0.22657000000000005
1974-06-01,-0.028,0.27057000000000003
1974-07-01,-0.067,0.23157000000000005
1974-08-01,0.108,0.40657000000000004
1974-09-01,-0.069,0.22957000000000005
1974-10-01,-0.074,0.22457000000000005
1974-11-01,-0.109,0.18957000000000007
1974-12-01,-0.112,0.18657000000000007
1975-01-01,-0.016,0.28257000000000004
1975-02-01,0.06,0.35857000000000006
1975-03-01,0.067,0.36557000000000006
1975-04-01,0.058,0.35657000000000005
1975-05-01,0.125,0.42357000000000006
1975-06-01,-0.002,0.29657000000000006
1975-07-01,-0.031,0.2675700000000001
1975-08-01,-0.18,0.11857000000000006
1975-09-01,-0.069,0.22957000000000005
1975-10-01,-0.12,0.17857000000000006
1975-11-01,-0.234,0.06457000000000004
1975-12-01,-0.122,0.17657000000000006
1976-01-01,-0.087,0.21157000000000006
1976-02-01,-0.164,0.13457000000000005
1976-03-01,-0.298,0.0005700000000000705
1976-04-01,-0.128,0.17057000000000005
1976-05-01,-0.263,0.035570000000000046
1976-06-01,-0.112,0.18657000000000007
1976-07-01,-0.038,0.2605700000000001
1976-08-01,-0.113,0.18557000000000007
1976-09-01,-0.044,0.2545700000000001
1976-10-01,-0.212,0.08657000000000006
1976-11-01,-0.08,0.21857000000000004
1976-12-01,0.116,0.41457000000000005
1977-01-01,0.228,0.5265700000000001
1977-02-01,0.181,0.47957000000000005
1977-03-01,0.143,0.44157
1977-04-01,0.218,0.5165700000000001
1977-05-01,0.3,0.59857
1977-06-01,0.308,0.60657
1977-07-01,0.234,0.5325700000000001
1977-08-01,0.26,0.55857
1977-09-01,0.093,0.3915700000000001
1977-10-01,0.113,0.41157000000000005
1977-11-01,0.193,0.49157000000000006
1977-12-01,0.081,0.3795700000000001
1978-01-01,0.059,0.35757000000000005
1978-02-01,0.129,0.42757000000000006
1978-03-01,0.119,0.41757000000000005
1978-04-01,0.122,0.42057000000000005
1978-05-01,0.132,0.43057000000000006
1978-06-01,0.026,0.3245700000000001
1978-07-01,0.136,0.43457000000000007
1978-08-01,-0.14,0.15857000000000004
1978-09-01,0.088,0.3865700000000001
1978-10-01,0.025,0.3235700000000001
1978-11-01,0.139,0.43757000000000007
1978-12-01,0.112,0.41057000000000005
1979-01-01,0.094,0.3925700000000001
1979-02-01,-0.108,0.19057000000000007
1979-03-01,0.13,0.42857000000000006
1979-04-01,0.132,0.43057000000000006
1979-05-01,0.069,0.36757000000000006
1979-06-01,0.117,0.41557000000000005
1979-07-01,0.055,0.35357000000000005
1979-08-01,0.17,0.46857000000000004
1979-09-01,0.249,0.5475700000000001
1979-10-01,0.277,0.5755700000000001
1979-11-01,0.251,0.5495700000000001
1979-12-01,0.488,0.78657
1980-01-01,0.333,0.6315700000000001
1980-02-01,0.414,0.71257
1980-03-01,0.314,0.6125700000000001
1980-04-01,0.371,0.66957
1980-05-01,0.358,0.6565700000000001
1980-06-01,0.254,0.55257
1980-07-01,0.335,0.6335700000000001
1980-08-01,0.29,0.58857
1980-09-01,0.219,0.5175700000000001
1980-10-01,0.176,0.47457000000000005
1980-11-01,0.249,0.5475700000000001
1980-12-01,0.19,0.48857000000000006
1981-01-01,0.491,0.7895700000000001
1981-02-01,0.366,0.6645700000000001
1981-03-01,0.401,0.69957
1981-04-01,0.272,0.57057
1981-05-01,0.231,0.5295700000000001
1981-06-01,0.371,0.66957
1981-07-01,0.35,0.6485700000000001
1981-08-01,0.388,0.6865700000000001
1981-09-01,0.224,0.5225700000000001
1981-10-01,0.18,0.47857000000000005
1981-11-01,0.206,0.5045700000000001
1981-12-01,0.458,0.7565700000000001
1982-01-01,0.066,0.36457000000000006
1982-02-01,0.109,0.40757000000000004
1982-03-01,-0.084,0.21457000000000004
1982-04-01,0.035,0.33357000000000003
1982-05-01,0.152,0.45057
1982-06-01,0.13,0.42857000000000006
1982-07-01,0.181,0.47957000000000005
1982-08-01,0.073,0.37157000000000007
1982-09-01,0.142,0.44057
1982-10-01,0.163,0.46157000000000004
1982-11-01,0.094,0.3925700000000001
1982-12-01,0.379,0.67757
1983-01-01,0.414,0.71257
1983-02-01,0.389,0.68757
1983-03-01,0.319,0.6175700000000001
1983-04-01,0.266,0.56457
1983-05-01,0.359,0.65757
1983-06-01,0.273,0.5715700000000001
1983-07-01,0.194,0.49257000000000006
1983-08-01,0.341,0.6395700000000001
1983-09-01,0.389,0.68757
1983-10-01,0.174,0.47257000000000005
1983-11-01,0.283,0.58157
1983-12-01,0.184,0.48257000000000005
1984-01-01,0.207,0.5055700000000001
1984-02-01,0.089,0.3875700000000001
1984-03-01,0.222,0.5205700000000001
1984-04-01,0.1,0.3985700000000001
1984-05-01,0.331,0.6295700000000001
1984-06-01,0.057,0.35557000000000005
1984-07-01,0.085,0.3835700000000001
1984-08-01,0.176,0.47457000000000005
1984-09-01,0.209,0.5075700000000001
1984-10-01,0.136,0.43457000000000007
1984-11-01,-0.001,0.29757000000000006
1984-12-01,-0.054,0.24457000000000007
1985-01-01,0.217,0.5155700000000001
1985-02-01,-0.052,0.24657000000000007
1985-03-01,0.11,0.40857000000000004
1985-04-01,0.107,0.40557000000000004
1985-05-01,0.148,0.44657
1985-06-01,0.173,0.47157000000000004
1985-07-01,0.022,0.3205700000000001
1985-08-01,0.177,0.47557000000000005
1985-09-01,0.104,0.40257000000000004
1985-10-01,0.134,0.43257000000000007
1985-11-01,0.04,0.33857000000000004
1985-12-01,0.163,0.46157000000000004
1986-01-01,0.18,0.47857000000000005
1986-02-01,0.37,0.6685700000000001
1986-03-01,0.197,0.49557000000000007
1986-04-01,0.236,0.53457
1986-05-01,0.233,0.5315700000000001
1986-06-01,0.152,0.45057
1986-07-01,0.136,0.43457000000000007
1986-08-01,0.189,0.48757000000000006
1986-09-01,0.122,0.42057000000000005
1986-10-01,0.165,0.46357000000000004
1986-11-01,0.098,0.3965700000000001
1986-12-01,0.155,0.45357000000000003
1987-01-01,0.28,0.57857
1987-02-01,0.361,0.65957
1987-03-01,0.138,0.43657000000000007
1987-04-01,0.215,0.5135700000000001
1987-05-01,0.245,0.5435700000000001
1987-06-01,0.389,0.68757
1987-07-01,0.474,0.77257
1987-08-01,0.329,0.6275700000000001
1987-09-01,0.369,0.66757
1987-10-01,0.305,0.60357
1987-11-01,0.216,0.5145700000000001
1987-12-01,0.471,0.7695700000000001
1988-01-01,0.467,0.7655700000000001
1988-02-01,0.349,0.64757
1988-03-01,0.395,0.69357
1988-04-01,0.415,0.71357
1988-05-01,0.396,0.6945700000000001
1988-06-01,0.425,0.72357
1988-07-01,0.334,0.6325700000000001
1988-08-01,0.417,0.71557
1988-09-01,0.379,0.67757
1988-10-01,0.344,0.6425700000000001
1988-11-01,0.099,0.3975700000000001
1988-12-01,0.262,0.56057
1989-01-01,0.002,0.30057000000000006
1989-02-01,0.284,0.58257
1989-03-01,0.232,0.5305700000000001
1989-04-01,0.257,0.5555700000000001
1989-05-01,0.098,0.3965700000000001
1989-06-01,0.176,0.47457000000000005
1989-07-01,0.32,0.6185700000000001
1989-08-01,0.311,0.6095700000000001
1989-09-01,0.327,0.6255700000000001
1989-10-01,0.327,0.6255700000000001
1989-11-01,0.166,0.46457000000000004
1989-12-01,0.397,0.69557
1990-01-01,0.358,0.6565700000000001
1990-02-01,0.352,0.6505700000000001
1990-03-01,0.68,0.9785700000000002
1990-04-01,0.573,0.87157
1990-05-01,0.499,0.7975700000000001
1990-06-01,0.393,0.69157
1990-07-01,0.466,0.7645700000000001
1990-08-01,0.379,0.67757
1990-09-01,0.311,0.6095700000000001
1990-10-01,0.455,0.7535700000000001
1990-11-01,0.406,0.7045700000000001
1990-12-01,0.4,0.6985700000000001
1991-01-01,0.382,0.6805700000000001
1991-02-01,0.466,0.7645700000000001
1991-03-01,0.312,0.6105700000000001
1991-04-01,0.51,0.80857
1991-05-01,0.408,0.70657
1991-06-01,0.55,0.84857
1991-07-01,0.513,0.8115700000000001
1991-08-01,0.467,0.7655700000000001
1991-09-01,0.432,0.73057
1991-10-01,0.361,0.65957
1991-11-01,0.309,0.60757
1991-12-01,0.348,0.6465700000000001
1992-01-01,0.455,0.7535700000000001
1992-02-01,0.396,0.6945700000000001
1992-03-01,0.407,0.70557
1992-04-01,0.272,0.57057
1992-05-01,0.29,0.58857
1992-06-01,0.294,0.59257
1992-07-01,0.138,0.43657000000000007
1992-08-01,0.123,0.42157000000000006
1992-09-01,-0.011,0.28757000000000005
1992-10-01,0.076,0.37457000000000007
1992-11-01,0.005,0.30357000000000006
1992-12-01,0.206,0.5045700000000001
1993-01-01,0.34,0.6385700000000001
1993-02-01,0.38,0.6785700000000001
1993-03-01,0.305,0.60357
1993-04-01,0.283,0.58157
1993-05-01,0.285,0.58357
1993-06-01,0.307,0.60557
1993-07-01,0.267,0.5655700000000001
1993-08-01,0.199,0.49757000000000007
1993-09-01,0.161,0.45957000000000003
1993-10-01,0.259,0.5575700000000001
1993-11-01,0.083,0.3815700000000001
1993-12-01,0.195,0.49357000000000006
1994-01-01,0.225,0.5235700000000001
1994-02-01,0.042,0.34057000000000004
1994-03-01,0.288,0.58657
1994-04-01,0.369,0.66757
1994-05-01,0.304,0.60257
1994-06-01,0.426,0.72457
1994-07-01,0.3,0.59857
1994-08-01,0.223,0.5215700000000001
1994-09-01,0.361,0.65957
1994-10-01,0.455,0.7535700000000001
1994-11-01,0.416,0.71457
1994-12-01,0.356,0.6545700000000001
1995-01-01,0.492,0.79057
1995-02-01,0.725,1.02357
1995-03-01,0.437,0.7355700000000001
1995-04-01,0.503,0.8015700000000001
1995-05-01,0.331,0.6295700000000001
1995-06-01,0.538,0.83657
1995-07-01,0.552,0.85057
1995-08-01,0.524,0.82257
1995-09-01,0.374,0.6725700000000001
1995-10-01,0.518,0.81657
1995-11-01,0.462,0.7605700000000001
1995-12-01,0.307,0.60557
1996-01-01,0.281,0.5795700000000001
1996-02-01,0.533,0.8315700000000001
1996-03-01,0.378,0.6765700000000001
1996-04-01,0.368,0.6665700000000001
1996-05-01,0.277,0.5755700000000001
1996-06-01,0.275,0.5735700000000001
1996-07-01,0.383,0.68157
1996-08-01,0.508,0.80657
1996-09-01,0.266,0.56457
1996-10-01,0.213,0.5115700000000001
1996-11-01,0.407,0.70557
1996-12-01,0.428,0.72657
1997-01-01,0.289,0.58757
1997-02-01,0.364,0.6625700000000001
1997-03-01,0.505,0.8035700000000001
1997-04-01,0.411,0.70957
1997-05-01,0.379,0.67757
1997-06-01,0.592,0.8905700000000001
1997-07-01,0.408,0.70657
1997-08-01,0.454,0.7525700000000001
1997-09-01,0.543,0.8415700000000002
1997-10-01,0.678,0.9765700000000002
1997-11-01,0.689,0.9875700000000001
1997-12-01,0.631,0.92957
1998-01-01,0.58,0.8785700000000001
1998-02-01,0.825,1.12357
1998-03-01,0.614,0.9125700000000001
1998-04-01,0.726,1.02457
1998-05-01,0.728,1.02657
1998-06-01,0.767,1.0655700000000001
1998-07-01,0.744,1.04257
1998-08-01,0.755,1.0535700000000001
1998-09-01,0.46,0.7585700000000001
1998-10-01,0.449,0.7475700000000001
1998-11-01,0.434,0.73257
1998-12-01,0.58,0.8785700000000001
1999-01-01,0.422,0.72057
1999-02-01,0.641,0.93957
1999-03-01,0.317,0.6155700000000001
1999-04-01,0.355,0.65357
1999-05-01,0.298,0.59657
1999-06-01,0.42,0.71857
1999-07-01,0.38,0.6785700000000001
1999-08-01,0.357,0.65557
1999-09-01,0.409,0.70757
1999-10-01,0.389,0.68757
1999-11-01,0.355,0.65357
1999-12-01,0.434,0.73257
2000-01-01,0.254,0.55257
2000-02-01,0.519,0.8175700000000001
2000-03-01,0.482,0.78057
2000-04-01,0.558,0.85657
2000-05-01,0.333,0.6315700000000001
2000-06-01,0.406,0.7045700000000001
2000-07-01,0.366,0.6645700000000001
2000-08-01,0.46,0.7585700000000001
2000-09-01,0.431,0.72957
2000-10-01,0.292,0.59057
2000-11-01,0.315,0.6135700000000001
2000-12-01,0.301,0.59957
2001-01-01,0.446,0.7445700000000001
2001-02-01,0.422,0.72057
2001-03-01,0.542,0.84057
2001-04-01,0.535,0.8335700000000001
2001-05-01,0.546,0.84457
2001-06-01,0.542,0.84057
2001-07-01,0.581,0.87957
2001-08-01,0.537,0.8355700000000001
2001-09-01,0.541,0.8395700000000001
2001-10-01,0.531,0.8295700000000001
2001-11-01,0.696,0.99457
2001-12-01,0.637,0.93557
2002-01-01,0.7,0.99857
2002-02-01,0.658,0.9565700000000001
2002-03-01,0.845,1.14357
2002-04-01,0.601,0.89957
2002-05-01,0.646,0.9445700000000001
2002-06-01,0.592,0.8905700000000001
2002-07-01,0.631,0.92957
2002-08-01,0.553,0.8515700000000002
2002-09-01,0.625,0.92357
2002-10-01,0.595,0.89357
2002-11-01,0.579,0.87757
2002-12-01,0.526,0.82457
2003-01-01,0.734,1.03257
2003-02-01,0.546,0.84457
2003-03-01,0.525,0.8235700000000001
2003-04-01,0.547,0.8455700000000002
2003-05-01,0.587,0.88557
2003-06-01,0.481,0.7795700000000001
2003-07-01,0.545,0.8435700000000002
2003-08-01,0.666,0.9645700000000001
2003-09-01,0.686,0.9845700000000002
2003-10-01,0.759,1.0575700000000001
2003-11-01,0.552,0.85057
2003-12-01,0.761,1.0595700000000001
2004-01-01,0.594,0.8925700000000001
2004-02-01,0.685,0.98357
2004-03-01,0.587,0.88557
2004-04-01,0.617,0.91557
2004-05-01,0.361,0.65957
2004-06-01,0.439,0.7375700000000001
2004-07-01,0.305,0.60357
2004-08-01,0.471,0.7695700000000001
2004-09-01,0.574,0.8725700000000001
2004-10-01,0.631,0.92957
2004-11-01,0.687,0.9855700000000001
2004-12-01,0.51,0.80857
2005-01-01,0.723,1.02157
2005-02-01,0.628,0.9265700000000001
2005-03-01,0.732,1.03057
2005-04-01,0.687,0.9855700000000001
2005-05-01,0.644,0.9425700000000001
2005-06-01,0.697,0.9955700000000001
2005-07-01,0.652,0.9505700000000001
2005-08-01,0.645,0.94357
2005-09-01,0.701,0.9995700000000001
2005-10-01,0.815,1.11357
2005-11-01,0.743,1.04157
2005-12-01,0.745,1.04357
2006-01-01,0.588,0.8865700000000001
2006-02-01,0.759,1.0575700000000001
2006-03-01,0.628,0.9265700000000001
2006-04-01,0.531,0.8295700000000001
2006-05-01,0.509,0.8075700000000001
2006-06-01,0.673,0.97157
2006-07-01,0.541,0.8395700000000001
2006-08-01,0.716,1.01457
2006-09-01,0.637,0.93557
2006-10-01,0.711,1.00957
2006-11-01,0.701,0.9995700000000001
2006-12-01,0.824,1.12257
2007-01-01,0.936,1.2345700000000002
2007-02-01,0.721,1.01957
2007-03-01,0.65,0.9485700000000001
2007-04-01,0.801,1.0995700000000002
2007-05-01,0.647,0.94557
2007-06-01,0.604,0.9025700000000001
2007-07-01,0.629,0.92757
2007-08-01,0.561,0.8595700000000002
2007-09-01,0.52,0.81857
2007-10-01,0.631,0.92957
2007-11-01,0.564,0.8625700000000001
2007-12-01,0.498,0.79657
2008-01-01,0.25,0.54857
2008-02-01,0.301,0.59957
2008-03-01,0.62,0.9185700000000001
2008-04-01,0.523,0.8215700000000001
2008-05-01,0.506,0.80457
2008-06-01,0.47,0.76857
2008-07-01,0.588,0.8865700000000001
2008-08-01,0.535,0.8335700000000001
2008-09-01,0.582,0.8805700000000001
2008-10-01,0.674,0.9725700000000002
2008-11-01,0.649,0.94757
2008-12-01,0.558,0.85657
2009-01-01,0.659,0.95757
2009-02-01,0.547,0.8455700000000002
2009-03-01,0.461,0.7595700000000001
2009-04-01,0.573,0.87157
2009-05-01,0.598,0.8965700000000001
2009-06-01,0.693,0.9915700000000001
2009-07-01,0.772,1.07057
2009-08-01,0.69,0.98857
2009-09-01,0.687,0.9855700000000001
2009-10-01,0.715,1.01357
2009-11-01,0.761,1.0595700000000001
2009-12-01,0.738,1.03657
2010-01-01,0.785,1.0835700000000001
2010-02-01,0.854,1.15257
2010-03-01,0.855,1.15357
2010-04-01,0.898,1.1965700000000001
2010-05-01,0.753,1.0515700000000001
2010-06-01,0.692,0.99057
2010-07-01,0.645,0.94357
2010-08-01,0.688,0.98657
2010-09-01,0.649,0.94757
2010-10-01,0.747,1.04557
2010-11-01,0.753,1.0515700000000001
2010-12-01,0.539,0.8375700000000001
2011-01-01,0.545,0.8435700000000002
2011-02-01,0.518,0.81657
2011-03-01,0.619,0.91757
2011-04-01,0.648,0.9465700000000001
2011-05-01,0.523,0.8215700000000001
2011-06-01,0.658,0.9565700000000001
2011-07-01,0.734,1.03257
2011-08-01,0.719,1.01757
2011-09-01,0.581,0.87957
2011-10-01,0.665,0.96357
2011-11-01,0.553,0.8515700000000002
2011-12-01,0.574,0.8725700000000001
2012-01-01,0.429,0.72757
2012-02-01,0.483,0.7815700000000001
2012-03-01,0.459,0.7575700000000001
2012-04-01,0.684,0.9825700000000002
2012-05-01,0.736,1.03457
2012-06-01,0.717,1.01557
2012-07-01,0.57,0.8685700000000001
2012-08-01,0.683,0.98157
2012-09-01,0.719,1.01757
2012-10-01,0.848,1.14657
2012-11-01,0.771,1.0695700000000001
2012-12-01,0.548,0.84657
2013-01-01,0.683,0.98157
2013-02-01,0.578,0.8765700000000001
2013-03-01,0.592,0.8905700000000001
2013-04-01,0.569,0.86757
2013-05-01,0.606,0.9045700000000001
2013-06-01,0.697,0.9955700000000001
2013-07-01,0.571,0.86957
2013-08-01,0.694,0.99257
2013-09-01,0.758,1.05657
2013-10-01,0.653,0.95157
2013-11-01,0.794,1.09257
2013-12-01,0.709,1.00757
2014-01-01,0.733,1.03157
2014-02-01,0.533,0.8315700000000001
2014-03-01,0.689,0.9875700000000001
2014-04-01,0.756,1.05457
2014-05-01,0.791,1.0895700000000001
2014-06-01,0.666,0.9645700000000001
2014-07-01,0.623,0.92157
2014-08-01,0.837,1.13557
2014-09-01,0.841,1.13957
2014-10-01,0.813,1.11157
2014-11-01,0.633,0.93157
2014-12-01,0.763,1.0615700000000001
2015-01-01,0.801,1.0995700000000002
2015-02-01,0.824,1.12257
2015-03-01,0.818,1.11657
2015-04-01,0.763,1.0615700000000001
2015-05-01,0.806,1.10457
2015-06-01,0.81,1.10857
2015-07-01,0.786,1.08457
2015-08-01,0.893,1.19157
2015-09-01,0.883,1.18157
2015-10-01,1.06,1.35857
2015-11-01,0.977,1.27557
2015-12-01,1.145,1.44357
2016-01-01,1.162,1.46057
2016-02-01,1.263,1.56157
2016-03-01,1.228,1.52657
2016-04-01,1.09,1.38857
2016-05-01,0.962,1.26057
2016-06-01,0.852,1.15057
2016-07-01,0.903,1.20157
2016-08-01,1.025,1.32357
2016-09-01,0.914,1.2125700000000001
2016-10-01,0.943,1.24157
2016-11-01,0.922,1.2205700000000002
2016-12-01,0.92,1.2185700000000002
2017-01-01,1.017,1.31557
2017-02-01,1.12,1.41857
2017-03-01,1.13,1.42857
2017-04-01,0.925,1.22357
2017-05-01,0.915,1.21357
2017-06-01,0.759,1.0575700000000001
2017-07-01,0.83,1.12857
2017-08-01,0.896,1.1945700000000001
2017-09-01,0.802,1.10057
2017-10-01,0.903,1.20157
2017-11-01,0.811,1.1095700000000002
2017-12-01,0.909,1.20757
2018-01-01,0.809,1.1075700000000002
2018-02-01,0.836,1.13457
2018-03-01,0.822,1.12057
2018-04-01,0.882,1.1805700000000001
2018-05-01,0.786,1.08457
2018-06-01,0.797,1.0955700000000002
2018-07-01,0.841,1.13957
2018-08-01,0.821,1.11957
2018-09-01,0.782,1.08057
2018-10-01,0.956,1.25457
2018-11-01,0.788,1.08657
2018-12-01,0.921,1.21957
2019-01-01,0.888,1.1865700000000001
2019-02-01,0.907,1.20557
2019-03-01,1.097,1.39557
2019-04-01,1.0,1.29857
2019-05-01,0.859,1.15757
2019-06-01,0.866,1.16457
2019-07-01,0.931,1.22957
2019-08-01,0.93,1.2285700000000002
2019-09-01,0.864,1.16257
2019-10-01,1.056,1.35457
2019-11-01,0.951,1.24957
2019-12-01,1.086,1.38457
2020-01-01,1.126,1.42457
2020-02-01,1.156,1.45457
2020-03-01,1.067,1.36557
2020-04-01,1.125,1.42357
2020-05-01,0.949,1.24757
2020-06-01,0.914,1.2125700000000001
2020-07-01,0.938,1.23657
2020-08-01,0.896,1.1945700000000001
2020-09-01,0.945,1.24357
2020-10-01,0.896,1.1945700000000001
2020-11-01,1.066,1.36457
2020-12-01,0.811,1.1095700000000002
2021-01-01,0.814,1.11257
2021-02-01,0.628,0.9265700000000001
2021-03-01,0.757,1.0555700000000001
2021-04-01,0.777,1.0755700000000001
2021-05-01,0.801,1.0995700000000002
2021-06-01,0.812,1.11057
2021-07-01,0.879,1.17757
2021-08-01,0.918,1.2165700000000002
2021-09-01,0.936,1.2345700000000002
2021-10-01,1.018,1.31657
2021-11-01,0.904,1.2025700000000001
2021-12-01,0.842,1.14057
2022-01-01,0.864,1.16257
2022-02-01,0.822,1.12057
2022-03-01,0.985,1.28357
2022-04-01,0.83,1.12857
2022-05-01,0.81,1.10857
2022-06-01,0.965,1.26357
2022-07-01,0.928,1.2265700000000002
2022-08-01,0.93,1.2285700000000002
2022-09-01,0.907,1.20557
2022-10-01,1.036,1.33457
2022-11-01,0.719,1.01757
2022-12-01,0.881,1.17957
2023-01-01,0.862,1.16057
2023-02-01,0.929,1.22757
2023-03-01,1.166,1.46457
2023-04-01,1.011,1.30957
2023-05-01,0.963,1.26157
2023-06-01,1.146,1.44457
2023-07-01,1.277,1.57557
2023-08-01,1.319,1.61757
2023-09-01,1.449,1.74757
2023-10-01,1.394,1.69257
2023-11-01,1.398,1.69657
2023-12-01,1.378,1.67657
2024-01-01,1.232,1.53057
2024-02-01,1.354,1.65257
2024-03-01,1.253,1.55157
2024-04-01,1.253,1.55157
2024-05-01,1.144,1.44257
2024-06-01,1.213,1.51157
2024-07-01,1.235,1.53357
2024-08-01,1.316,1.61457
2024-09-01,1.266,1.56457
2024-10-01,1.345,1.64357
2024-11-01,1.333,1.63157
2024-12-01,1.294,1.59257
2025-01-01,1.357,1.65557
2025-02-01,1.249,1.5475700000000001
2025-03-01,1.271,1.56957
2025-04-01,1.18,1.47857
2025-05-01,1.054,1.35257
2025-06-01,1.034,1.33257
2025-07-01,0.995,1.29357
2025-08-01,1.128,1.42657
2025-09-01,1.184,1.48257
