Date,RawTemp,Temp
1880-01-01,-0.19,0.036083333333333356
1880-02-01,-0.25,-0.02391666666666664
1880-03-01,-0.09,0.13608333333333336
1880-04-01,-0.16,0.06608333333333336
1880-05-01,-0.1,0.12608333333333335
1880-06-01,-0.21,0.016083333333333366
1880-07-01,-0.18,0.046083333333333365
1880-08-01,-0.1,0.12608333333333335
1880-09-01,-0.15,0.07608333333333336
1880-10-01,-0.23,-0.003916666666666652
1880-11-01,-0.22,0.006083333333333357
1880-12-01,-0.18,0.046083333333333365
1881-01-01,-0.2,0.026083333333333347
1881-02-01,-0.14,0.08608333333333335
1881-03-01,0.03,0.25608333333333333
1881-04-01,0.05,0.27608333333333335
1881-05-01,0.06,0.28608333333333336
1881-06-01,-0.19,0.036083333333333356
1881-07-01,0.0,0.22608333333333336
1881-08-01,-0.04,0.18608333333333335
1881-09-01,-0.15,0.07608333333333336
1881-10-01,-0.22,0.006083333333333357
1881-11-01,-0.19,0.036083333333333356
1881-12-01,-0.07,0.15608333333333335
1882-01-01,0.16,0.38608333333333333
1882-02-01,0.13,0.35608333333333336
1882-03-01,0.04,0.26608333333333334
1882-04-01,-0.16,0.06608333333333336
1882-05-01,-0.14,0.08608333333333335
1882-06-01,-0.22,0.006083333333333357
1882-07-01,-0.16,0.06608333333333336
1882-08-01,-0.08,0.14608333333333334
1882-09-01,-0.15,0.07608333333333336
1882-10-01,-0.24,-0.013916666666666633
1882-11-01,-0.17,0.056083333333333346
1882-12-01,-0.37,-0.14391666666666664
1883-01-01,-0.29,-0.06391666666666662
1883-02-01,-0.37,-0.14391666666666664
1883-03-01,-0.12,0.10608333333333336
1883-04-01,-0.18,0.046083333333333365
1883-05-01,-0.18,0.046083333333333365
1883-06-01,-0.07,0.15608333333333335
1883-07-01,-0.07,0.15608333333333335
1883-08-01,-0.14,0.08608333333333335
1883-09-01,-0.22,0.006083333333333357
1883-10-01,-0.11,0.11608333333333336
1883-11-01,-0.24,-0.013916666666666633
1883-12-01,-0.11,0.11608333333333336
1884-01-01,-0.13,0.09608333333333335
1884-02-01,-0.08,0.14608333333333334
1884-03-01,-0.36,-0.13391666666666663
1884-04-01,-0.4,-0.17391666666666666
1884-05-01,-0.34,-0.11391666666666667
1884-06-01,-0.35,-0.12391666666666662
1884-07-01,-0.31,-0.08391666666666664
1884-08-01,-0.28,-0.05391666666666667
1884-09-01,-0.27,-0.04391666666666666
1884-10-01,-0.25,-0.02391666666666664
1884-11-01,-0.33,-0.10391666666666666
1884-12-01,-0.31,-0.08391666666666664
1885-01-01,-0.59,-0.3639166666666666
1885-02-01,-0.34,-0.11391666666666667
1885-03-01,-0.27,-0.04391666666666666
1885-04-01,-0.42,-0.19391666666666663
1885-05-01,-0.45,-0.22391666666666665
1885-06-01,-0.43,-0.20391666666666663
1885-07-01,-0.34,-0.11391666666666667
1885-08-01,-0.31,-0.08391666666666664
1885-09-01,-0.28,-0.05391666666666667
1885-10-01,-0.23,-0.003916666666666652
1885-11-01,-0.24,-0.013916666666666633
1885-12-01,-0.1,0.12608333333333335
1886-01-01,-0.44,-0.21391666666666664
1886-02-01,-0.51,-0.28391666666666665
1886-03-01,-0.43,-0.20391666666666663
1886-04-01,-0.28,-0.05391666666666667
1886-05-01,-0.24,-0.013916666666666633
1886-06-01,-0.35,-0.12391666666666662
1886-07-01,-0.18,0.046083333333333365
1886-08-01,-0.31,-0.08391666666666664
1886-09-01,-0.24,-0.013916666666666633
1886-10-01,-0.28,-0.05391666666666667
1886-11-01,-0.28,-0.05391666666666667
1886-12-01,-0.25,-0.02391666666666664
1887-01-01,-0.72,-0.4939166666666666
1887-02-01,-0.57,-0.3439166666666666
1887-03-01,-0.36,-0.13391666666666663
1887-04-01,-0.35,-0.12391666666666662
1887-05-01,-0.31,-0.08391666666666664
1887-06-01,-0.24,-0.013916666666666633
1887-07-01,-0.26,-0.03391666666666665
1887-08-01,-0.36,-0.13391666666666663
1887-09-01,-0.26,-0.03391666666666665
1887-10-01,-0.35,-0.12391666666666662
1887-11-01,-0.26,-0.03391666666666665
1887-12-01,-0.33,-0.10391666666666666
1888-01-01,-0.34,-0.11391666666666667
1888-02-01,-0.36,-0.13391666666666663
1888-03-01,-0.41,-0.18391666666666662
1888-04-01,-0.21,0.016083333333333366
1888-05-01,-0.22,0.006083333333333357
1888-06-01,-0.17,0.056083333333333346
1888-07-01,-0.11,0.11608333333333336
1888-08-01,-0.16,0.06608333333333336
1888-09-01,-0.12,0.10608333333333336
1888-10-01,0.01,0.23608333333333337
1888-11-01,0.03,0.25608333333333333
1888-12-01,-0.04,0.18608333333333335
1889-01-01,-0.09,0.13608333333333336
1889-02-01,0.16,0.38608333333333333
1889-03-01,0.06,0.28608333333333336
1889-04-01,0.09,0.3160833333333334
1889-05-01,-0.01,0.21608333333333335
1889-06-01,-0.1,0.12608333333333335
1889-07-01,-0.07,0.15608333333333335
1889-08-01,-0.2,0.026083333333333347
1889-09-01,-0.24,-0.013916666666666633
1889-10-01,-0.26,-0.03391666666666665
1889-11-01,-0.34,-0.11391666666666667
1889-12-01,-0.29,-0.06391666666666662
1890-01-01,-0.42,-0.19391666666666663
1890-02-01,-0.45,-0.22391666666666665
1890-03-01,-0.4,-0.17391666666666666
1890-04-01,-0.3,-0.07391666666666663
1890-05-01,-0.39,-0.16391666666666665
1890-06-01,-0.24,-0.013916666666666633
1890-07-01,-0.28,-0.05391666666666667
1890-08-01,-0.39,-0.16391666666666665
1890-09-01,-0.37,-0.14391666666666664
1890-10-01,-0.25,-0.02391666666666664
1890-11-01,-0.44,-0.21391666666666664
1890-12-01,-0.32,-0.09391666666666665
1891-01-01,-0.34,-0.11391666666666667
1891-02-01,-0.46,-0.23391666666666666
1891-03-01,-0.18,0.046083333333333365
1891-04-01,-0.27,-0.04391666666666666
1891-05-01,-0.16,0.06608333333333336
1891-06-01,-0.21,0.016083333333333366
1891-07-01,-0.17,0.056083333333333346
1891-08-01,-0.17,0.056083333333333346
1891-09-01,-0.15,0.07608333333333336
1891-10-01,-0.22,0.006083333333333357
1891-11-01,-0.31,-0.08391666666666664
1891-12-01,-0.04,0.18608333333333335
1892-01-01,-0.29,-0.06391666666666662
1892-02-01,-0.12,0.10608333333333336
1892-03-01,-0.4,-0.17391666666666666
1892-04-01,-0.33,-0.10391666666666666
1892-05-01,-0.23,-0.003916666666666652
1892-06-01,-0.22,0.006083333333333357
1892-07-01,-0.31,-0.08391666666666664
1892-08-01,-0.27,-0.04391666666666666
1892-09-01,-0.17,0.056083333333333346
1892-10-01,-0.14,0.08608333333333335
1892-11-01,-0.42,-0.19391666666666663
1892-12-01,-0.39,-0.16391666666666665
1893-01-01,-0.81,-0.5839166666666666
1893-02-01,-0.56,-0.3339166666666667
1893-03-01,-0.22,0.006083333333333357
1893-04-01,-0.28,-0.05391666666666667
1893-05-01,-0.34,-0.11391666666666667
1893-06-01,-0.25,-0.02391666666666664
1893-07-01,-0.14,0.08608333333333335
1893-08-01,-0.25,-0.02391666666666664
1893-09-01,-0.22,0.006083333333333357
1893-10-01,-0.18,0.046083333333333365
1893-11-01,-0.19,0.036083333333333356
1893-12-01,-0.32,-0.09391666666666665
1894-01-01,-0.53,-0.30391666666666667
1894-02-01,-0.29,-0.06391666666666662
1894-03-01,-0.23,-0.003916666666666652
1894-04-01,-0.45,-0.22391666666666665
1894-05-01,-0.31,-0.08391666666666664
1894-06-01,-0.4,-0.17391666666666666
1894-07-01,-0.24,-0.013916666666666633
1894-08-01,-0.24,-0.013916666666666633
1894-09-01,-0.28,-0.05391666666666667
1894-10-01,-0.23,-0.003916666666666652
1894-11-01,-0.26,-0.03391666666666665
1894-12-01,-0.21,0.016083333333333366
1895-01-01,-0.41,-0.18391666666666662
1895-02-01,-0.43,-0.20391666666666663
1895-03-01,-0.33,-0.10391666666666666
1895-04-01,-0.22,0.006083333333333357
1895-05-01,-0.27,-0.04391666666666666
1895-06-01,-0.21,0.016083333333333366
1895-07-01,-0.17,0.056083333333333346
1895-08-01,-0.17,0.056083333333333346
1895-09-01,-0.12,0.10608333333333336
1895-10-01,-0.11,0.11608333333333336
1895-11-01,-0.17,0.056083333333333346
1895-12-01,-0.14,0.08608333333333335
1896-01-01,-0.23,-0.003916666666666652
1896-02-01,-0.13,0.09608333333333335
1896-03-01,-0.26,-0.03391666666666665
1896-04-01,-0.31,-0.08391666666666664
1896-05-01,-0.16,0.06608333333333336
1896-06-01,-0.11,0.11608333333333336
1896-07-01,-0.03,0.19608333333333336
1896-08-01,-0.06,0.16608333333333336
1896-09-01,-0.07,0.15608333333333335
1896-10-01,0.06,0.28608333333333336
1896-11-01,-0.05,0.17608333333333337
1896-12-01,-0.05,0.17608333333333337
1897-01-01,-0.16,0.06608333333333336
1897-02-01,-0.17,0.056083333333333346
1897-03-01,-0.14,0.08608333333333335
1897-04-01,-0.03,0.19608333333333336
1897-05-01,-0.02,0.20608333333333337
1897-06-01,-0.12,0.10608333333333336
1897-07-01,-0.03,0.19608333333333336
1897-08-01,-0.1,0.12608333333333335
1897-09-01,-0.09,0.13608333333333336
1897-10-01,-0.13,0.09608333333333335
1897-11-01,-0.18,0.046083333333333365
1897-12-01,-0.21,0.016083333333333366
1898-01-01,-0.03,0.19608333333333336
1898-02-01,-0.3,-0.07391666666666663
1898-03-01,-0.52,-0.29391666666666666
1898-04-01,-0.31,-0.08391666666666664
1898-05-01,-0.31,-0.08391666666666664
1898-06-01,-0.2,0.026083333333333347
1898-07-01,-0.22,0.006083333333333357
1898-08-01,-0.27,-0.04391666666666666
1898-09-01,-0.22,0.006083333333333357
1898-10-01,-0.35,-0.12391666666666662
1898-11-01,-0.39,-0.16391666666666665
1898-12-01,-0.24,-0.013916666666666633
1899-01-01,-0.17,0.056083333333333346
1899-02-01,-0.39,-0.16391666666666665
1899-03-01,-0.37,-0.14391666666666664
1899-04-01,-0.2,0.026083333333333347
1899-05-01,-0.23,-0.003916666666666652
1899-06-01,-0.31,-0.08391666666666664
1899-07-01,-0.16,0.06608333333333336
1899-08-01,-0.09,0.13608333333333336
1899-09-01,-0.06,0.16608333333333336
1899-10-01,-0.05,0.17608333333333337
1899-11-01,0.12,0.34608333333333335
1899-12-01,-0.27,-0.04391666666666666
1900-01-01,-0.37,-0.14391666666666664
1900-02-01,-0.06,0.16608333333333336
1900-03-01,0.0,0.22608333333333336
1900-04-01,-0.09,0.13608333333333336
1900-05-01,-0.09,0.13608333333333336
1900-06-01,-0.1,0.12608333333333335
1900-07-01,-0.13,0.09608333333333335
1900-08-01,-0.09,0.13608333333333336
1900-09-01,-0.06,0.16608333333333336
1900-10-01,0.09,0.3160833333333334
1900-11-01,-0.08,0.14608333333333334
1900-12-01,-0.07,0.15608333333333335
1901-01-01,-0.23,-0.003916666666666652
1901-02-01,-0.12,0.10608333333333336
1901-03-01,0.05,0.27608333333333335
1901-04-01,-0.03,0.19608333333333336
1901-05-01,-0.16,0.06608333333333336
1901-06-01,-0.12,0.10608333333333336
1901-07-01,-0.15,0.07608333333333336
1901-08-01,-0.21,0.016083333333333366
1901-09-01,-0.23,-0.003916666666666652
1901-10-01,-0.3,-0.07391666666666663
1901-11-01,-0.17,0.056083333333333346
1901-12-01,-0.27,-0.04391666666666666
1902-01-01,-0.16,0.06608333333333336
1902-02-01,-0.09,0.13608333333333336
1902-03-01,-0.28,-0.05391666666666667
1902-04-01,-0.28,-0.05391666666666667
1902-05-01,-0.33,-0.10391666666666666
1902-06-01,-0.31,-0.08391666666666664
1902-07-01,-0.28,-0.05391666666666667
1902-08-01,-0.3,-0.07391666666666663
1902-09-01,-0.29,-0.06391666666666662
1902-10-01,-0.3,-0.07391666666666663
1902-11-01,-0.37,-0.14391666666666664
1902-12-01,-0.43,-0.20391666666666663
1903-01-01,-0.25,-0.02391666666666664
1903-02-01,-0.06,0.16608333333333336
1903-03-01,-0.24,-0.013916666666666633
1903-04-01,-0.42,-0.19391666666666663
1903-05-01,-0.4,-0.17391666666666666
1903-06-01,-0.43,-0.20391666666666663
1903-07-01,-0.35,-0.12391666666666662
1903-08-01,-0.46,-0.23391666666666666
1903-09-01,-0.5,-0.27391666666666664
1903-10-01,-0.47,-0.24391666666666662
1903-11-01,-0.42,-0.19391666666666663
1903-12-01,-0.52,-0.29391666666666666
1904-01-01,-0.64,-0.41391666666666665
1904-02-01,-0.59,-0.3639166666666666
1904-03-01,-0.52,-0.29391666666666666
1904-04-01,-0.51,-0.28391666666666665
1904-05-01,-0.52,-0.29391666666666666
1904-06-01,-0.48,-0.2539166666666666
1904-07-01,-0.51,-0.28391666666666665
1904-08-01,-0.49,-0.26391666666666663
1904-09-01,-0.56,-0.3339166666666667
1904-10-01,-0.4,-0.17391666666666666
1904-11-01,-0.18,0.046083333333333365
1904-12-01,-0.34,-0.11391666666666667
1905-01-01,-0.36,-0.13391666666666663
1905-02-01,-0.6,-0.3739166666666666
1905-03-01,-0.22,0.006083333333333357
1905-04-01,-0.35,-0.12391666666666662
1905-05-01,-0.31,-0.08391666666666664
1905-06-01,-0.29,-0.06391666666666662
1905-07-01,-0.27,-0.04391666666666666
1905-08-01,-0.21,0.016083333333333366
1905-09-01,-0.2,0.026083333333333347
1905-10-01,-0.26,-0.03391666666666665
1905-11-01,-0.08,0.14608333333333334
1905-12-01,-0.14,0.08608333333333335
1906-01-01,-0.29,-0.06391666666666662
1906-02-01,-0.3,-0.07391666666666663
1906-03-01,-0.19,0.036083333333333356
1906-04-01,-0.06,0.16608333333333336
1906-05-01,-0.26,-0.03391666666666665
1906-06-01,-0.19,0.036083333333333356
1906-07-01,-0.23,-0.003916666666666652
1906-08-01,-0.21,0.016083333333333366
1906-09-01,-0.29,-0.06391666666666662
1906-10-01,-0.21,0.016083333333333366
1906-11-01,-0.38,-0.15391666666666665
1906-12-01,-0.16,0.06608333333333336
1907-01-01,-0.44,-0.21391666666666664
1907-02-01,-0.52,-0.29391666666666666
1907-03-01,-0.28,-0.05391666666666667
1907-04-01,-0.38,-0.15391666666666665
1907-05-01,-0.47,-0.24391666666666662
1907-06-01,-0.43,-0.20391666666666663
1907-07-01,-0.36,-0.13391666666666663
1907-08-01,-0.35,-0.12391666666666662
1907-09-01,-0.35,-0.12391666666666662
1907-10-01,-0.24,-0.013916666666666633
1907-11-01,-0.47,-0.24391666666666662
1907-12-01,-0.48,-0.2539166666666666
1908-01-01,-0.46,-0.23391666666666666
1908-02-01,-0.33,-0.10391666666666666
1908-03-01,-0.56,-0.3339166666666667
1908-04-01,-0.45,-0.22391666666666665
1908-05-01,-0.38,-0.15391666666666665
1908-06-01,-0.39,-0.16391666666666665
1908-07-01,-0.36,-0.13391666666666663
1908-08-01,-0.47,-0.24391666666666662
1908-09-01,-0.37,-0.14391666666666664
1908-10-01,-0.45,-0.22391666666666665
1908-11-01,-0.53,-0.30391666666666667
1908-12-01,-0.5,-0.27391666666666664
1909-01-01,-0.74,-0.5139166666666666
1909-02-01,-0.47,-0.24391666666666662
1909-03-01,-0.55,-0.3239166666666667
1909-04-01,-0.6,-0.3739166666666666
1909-05-01,-0.56,-0.3339166666666667
1909-06-01,-0.53,-0.30391666666666667
1909-07-01,-0.46,-0.23391666666666666
1909-08-01,-0.35,-0.12391666666666662
1909-09-01,-0.4,-0.17391666666666666
1909-10-01,-0.41,-0.18391666666666662
1909-11-01,-0.33,-0.10391666666666666
1909-12-01,-0.57,-0.3439166666666666
1910-01-01,-0.43,-0.20391666666666663
1910-02-01,-0.42,-0.19391666666666663
1910-03-01,-0.52,-0.29391666666666666
1910-04-01,-0.44,-0.21391666666666664
1910-05-01,-0.35,-0.12391666666666662
1910-06-01,-0.39,-0.16391666666666665
1910-07-01,-0.35,-0.12391666666666662
1910-08-01,-0.38,-0.15391666666666665
1910-09-01,-0.4,-0.17391666666666666
1910-10-01,-0.42,-0.19391666666666663
1910-11-01,-0.57,-0.3439166666666666
1910-12-01,-0.68,-0.4539166666666667
1911-01-01,-0.63,-0.40391666666666665
1911-02-01,-0.58,-0.3539166666666666
1911-03-01,-0.61,-0.38391666666666663
1911-04-01,-0.54,-0.3139166666666667
1911-05-01,-0.52,-0.29391666666666666
1911-06-01,-0.51,-0.28391666666666665
1911-07-01,-0.43,-0.20391666666666663
1911-08-01,-0.44,-0.21391666666666664
1911-09-01,-0.41,-0.18391666666666662
1911-10-01,-0.27,-0.04391666666666666
1911-11-01,-0.22,0.006083333333333357
1911-12-01,-0.22,0.006083333333333357
1912-01-01,-0.26,-0.03391666666666665
1912-02-01,-0.15,0.07608333333333336
1912-03-01,-0.39,-0.16391666666666665
1912-04-01,-0.19,0.036083333333333356
1912-05-01,-0.22,0.006083333333333357
1912-06-01,-0.25,-0.02391666666666664
1912-07-01,-0.43,-0.20391666666666663
1912-08-01,-0.55,-0.3239166666666667
1912-09-01,-0.59,-0.3639166666666666
1912-10-01,-0.58,-0.3539166666666666
1912-11-01,-0.4,-0.17391666666666666
1912-12-01,-0.44,-0.21391666666666664
1913-01-01,-0.42,-0.19391666666666663
1913-02-01,-0.46,-0.23391666666666666
1913-03-01,-0.44,-0.21391666666666664
1913-04-01,-0.41,-0.18391666666666662
1913-05-01,-0.45,-0.22391666666666665
1913-06-01,-0.46,-0.23391666666666666
1913-07-01,-0.37,-0.14391666666666664
1913-08-01,-0.34,-0.11391666666666667
1913-09-01,-0.36,-0.13391666666666663
1913-10-01,-0.33,-0.10391666666666666
1913-11-01,-0.21,0.016083333333333366
1913-12-01,-0.03,0.19608333333333336
1914-01-01,0.04,0.26608333333333334
1914-02-01,-0.11,0.11608333333333336
1914-03-01,-0.25,-0.02391666666666664
1914-04-01,-0.31,-0.08391666666666664
1914-05-01,-0.22,0.006083333333333357
1914-06-01,-0.26,-0.03391666666666665
1914-07-01,-0.24,-0.013916666666666633
1914-08-01,-0.17,0.056083333333333346
1914-09-01,-0.18,0.046083333333333365
1914-10-01,-0.04,0.18608333333333335
1914-11-01,-0.16,0.06608333333333336
1914-12-01,-0.05,0.17608333333333337
1915-01-01,-0.22,0.006083333333333357
1915-02-01,-0.04,0.18608333333333335
1915-03-01,-0.1,0.12608333333333335
1915-04-01,0.06,0.28608333333333336
1915-05-01,-0.06,0.16608333333333336
1915-06-01,-0.23,-0.003916666666666652
1915-07-01,-0.13,0.09608333333333335
1915-08-01,-0.23,-0.003916666666666652
1915-09-01,-0.21,0.016083333333333366
1915-10-01,-0.25,-0.02391666666666664
1915-11-01,-0.14,0.08608333333333335
1915-12-01,-0.21,0.016083333333333366
1916-01-01,-0.14,0.08608333333333335
1916-02-01,-0.15,0.07608333333333336
1916-03-01,-0.29,-0.06391666666666662
1916-04-01,-0.31,-0.08391666666666664
1916-05-01,-0.36,-0.13391666666666663
1916-06-01,-0.5,-0.27391666666666664
1916-07-01,-0.38,-0.15391666666666665
1916-08-01,-0.28,-0.05391666666666667
1916-09-01,-0.37,-0.14391666666666664
1916-10-01,-0.34,-0.11391666666666667
1916-11-01,-0.47,-0.24391666666666662
1916-12-01,-0.82,-0.5939166666666666
1917-01-01,-0.58,-0.3539166666666666
1917-02-01,-0.64,-0.41391666666666665
1917-03-01,-0.64,-0.41391666666666665
1917-04-01,-0.56,-0.3339166666666667
1917-05-01,-0.56,-0.3339166666666667
1917-06-01,-0.44,-0.21391666666666664
1917-07-01,-0.26,-0.03391666666666665
1917-08-01,-0.23,-0.003916666666666652
1917-09-01,-0.24,-0.013916666666666633
1917-10-01,-0.45,-0.22391666666666665
1917-11-01,-0.35,-0.12391666666666662
1917-12-01,-0.69,-0.4639166666666666
1918-01-01,-0.49,-0.26391666666666663
1918-02-01,-0.35,-0.12391666666666662
1918-03-01,-0.26,-0.03391666666666665
1918-04-01,-0.45,-0.22391666666666665
1918-05-01,-0.44,-0.21391666666666664
1918-06-01,-0.37,-0.14391666666666664
1918-07-01,-0.32,-0.09391666666666665
1918-08-01,-0.32,-0.09391666666666665
1918-09-01,-0.18,0.046083333333333365
1918-10-01,-0.07,0.15608333333333335
1918-11-01,-0.12,0.10608333333333336
1918-12-01,-0.3,-0.07391666666666663
1919-01-01,-0.21,0.016083333333333366
1919-02-01,-0.23,-0.003916666666666652
1919-03-01,-0.22,0.006083333333333357
1919-04-01,-0.13,0.09608333333333335
1919-05-01,-0.28,-0.05391666666666667
1919-06-01,-0.36,-0.13391666666666663
1919-07-01,-0.29,-0.06391666666666662
1919-08-01,-0.34,-0.11391666666666667
1919-09-01,-0.26,-0.03391666666666665
1919-10-01,-0.21,0.016083333333333366
1919-11-01,-0.42,-0.19391666666666663
1919-12-01,-0.43,-0.20391666666666663
1920-01-01,-0.26,-0.03391666666666665
1920-02-01,-0.27,-0.04391666666666666
1920-03-01,-0.13,0.09608333333333335
1920-04-01,-0.25,-0.02391666666666664
1920-05-01,-0.28,-0.05391666666666667
1920-06-01,-0.36,-0.13391666666666663
1920-07-01,-0.31,-0.08391666666666664
1920-08-01,-0.27,-0.04391666666666666
1920-09-01,-0.22,0.006083333333333357
1920-10-01,-0.27,-0.04391666666666666
1920-11-01,-0.28,-0.05391666666666667
1920-12-01,-0.47,-0.24391666666666662
1921-01-01,-0.05,0.17608333333333337
1921-02-01,-0.18,0.046083333333333365
1921-03-01,-0.24,-0.013916666666666633
1921-04-01,-0.3,-0.07391666666666663
1921-05-01,-0.31,-0.08391666666666664
1921-06-01,-0.27,-0.04391666666666666
1921-07-01,-0.15,0.07608333333333336
1921-08-01,-0.27,-0.04391666666666666
1921-09-01,-0.2,0.026083333333333347
1921-10-01,-0.04,0.18608333333333335
1921-11-01,-0.15,0.07608333333333336
1921-12-01,-0.18,0.046083333333333365
1922-01-01,-0.34,-0.11391666666666667
1922-02-01,-0.45,-0.22391666666666665
1922-03-01,-0.15,0.07608333333333336
1922-04-01,-0.23,-0.003916666666666652
1922-05-01,-0.33,-0.10391666666666666
1922-06-01,-0.31,-0.08391666666666664
1922-07-01,-0.27,-0.04391666666666666
1922-08-01,-0.33,-0.10391666666666666
1922-09-01,-0.35,-0.12391666666666662
1922-10-01,-0.32,-0.09391666666666665
1922-11-01,-0.15,0.07608333333333336
1922-12-01,-0.2,0.026083333333333347
1923-01-01,-0.27,-0.04391666666666666
1923-02-01,-0.4,-0.17391666666666666
1923-03-01,-0.34,-0.11391666666666667
1923-04-01,-0.41,-0.18391666666666662
1923-05-01,-0.34,-0.11391666666666667
1923-06-01,-0.29,-0.06391666666666662
1923-07-01,-0.31,-0.08391666666666664
1923-08-01,-0.34,-0.11391666666666667
1923-09-01,-0.31,-0.08391666666666664
1923-10-01,-0.14,0.08608333333333335
1923-11-01,-0.03,0.19608333333333336
1923-12-01,-0.04,0.18608333333333335
1924-01-01,-0.23,-0.003916666666666652
1924-02-01,-0.23,-0.003916666666666652
1924-03-01,-0.09,0.13608333333333336
1924-04-01,-0.31,-0.08391666666666664
1924-05-01,-0.19,0.036083333333333356
1924-06-01,-0.27,-0.04391666666666666
1924-07-01,-0.29,-0.06391666666666662
1924-08-01,-0.36,-0.13391666666666663
1924-09-01,-0.33,-0.10391666666666666
1924-10-01,-0.36,-0.13391666666666663
1924-11-01,-0.21,0.016083333333333366
1924-12-01,-0.44,-0.21391666666666664
1925-01-01,-0.38,-0.15391666666666665
1925-02-01,-0.39,-0.16391666666666665
1925-03-01,-0.28,-0.05391666666666667
1925-04-01,-0.26,-0.03391666666666665
1925-05-01,-0.3,-0.07391666666666663
1925-06-01,-0.33,-0.10391666666666666
1925-07-01,-0.27,-0.04391666666666666
1925-08-01,-0.21,0.016083333333333366
1925-09-01,-0.2,0.026083333333333347
1925-10-01,-0.18,0.046083333333333365
1925-11-01,0.05,0.27608333333333335
1925-12-01,0.06,0.28608333333333336
1926-01-01,0.21,0.4360833333333334
1926-02-01,0.02,0.24608333333333335
1926-03-01,0.11,0.33608333333333335
1926-04-01,-0.13,0.09608333333333335
1926-05-01,-0.24,-0.013916666666666633
1926-06-01,-0.26,-0.03391666666666665
1926-07-01,-0.28,-0.05391666666666667
1926-08-01,-0.14,0.08608333333333335
1926-09-01,-0.15,0.07608333333333336
1926-10-01,-0.12,0.10608333333333336
1926-11-01,-0.07,0.15608333333333335
1926-12-01,-0.3,-0.07391666666666663
1927-01-01,-0.27,-0.04391666666666666
1927-02-01,-0.18,0.046083333333333365
1927-03-01,-0.39,-0.16391666666666665
1927-04-01,-0.31,-0.08391666666666664
1927-05-01,-0.26,-0.03391666666666665
1927-06-01,-0.28,-0.05391666666666667
1927-07-01,-0.19,0.036083333333333356
1927-08-01,-0.24,-0.013916666666666633
1927-09-01,-0.13,0.09608333333333335
1927-10-01,-0.01,0.21608333333333335
1927-11-01,-0.06,0.16608333333333336
1927-12-01,-0.33,-0.10391666666666666
1928-01-01,-0.02,0.20608333333333337
1928-02-01,-0.09,0.13608333333333336
1928-03-01,-0.25,-0.02391666666666664
1928-04-01,-0.29,-0.06391666666666662
1928-05-01,-0.3,-0.07391666666666663
1928-06-01,-0.39,-0.16391666666666665
1928-07-01,-0.2,0.026083333333333347
1928-08-01,-0.23,-0.003916666666666652
1928-09-01,-0.22,0.006083333333333357
1928-10-01,-0.19,0.036083333333333356
1928-11-01,-0.1,0.12608333333333335
1928-12-01,-0.17,0.056083333333333346
1929-01-01,-0.45,-0.22391666666666665
1929-02-01,-0.59,-0.3639166666666666
1929-03-01,-0.33,-0.10391666666666666
1929-04-01,-0.42,-0.19391666666666663
1929-05-01,-0.38,-0.15391666666666665
1929-06-01,-0.44,-0.21391666666666664
1929-07-01,-0.37,-0.14391666666666664
1929-08-01,-0.33,-0.10391666666666666
1929-09-01,-0.26,-0.03391666666666665
1929-10-01,-0.15,0.07608333333333336
1929-11-01,-0.12,0.10608333333333336
1929-12-01,-0.55,-0.3239166666666667
1930-01-01,-0.3,-0.07391666666666663
1930-02-01,-0.27,-0.04391666666666666
1930-03-01,-0.11,0.11608333333333336
1930-04-01,-0.25,-0.02391666666666664
1930-05-01,-0.24,-0.013916666666666633
1930-06-01,-0.22,0.006083333333333357
1930-07-01,-0.22,0.006083333333333357
1930-08-01,-0.15,0.07608333333333336
1930-09-01,-0.16,0.06608333333333336
1930-10-01,-0.12,0.10608333333333336
1930-11-01,0.17,0.39608333333333334
1930-12-01,-0.06,0.16608333333333336
1931-01-01,-0.11,0.11608333333333336
1931-02-01,-0.21,0.016083333333333366
1931-03-01,-0.11,0.11608333333333336
1931-04-01,-0.23,-0.003916666666666652
1931-05-01,-0.2,0.026083333333333347
1931-06-01,-0.08,0.14608333333333334
1931-07-01,-0.04,0.18608333333333335
1931-08-01,-0.04,0.18608333333333335
1931-09-01,-0.07,0.15608333333333335
1931-10-01,0.05,0.27608333333333335
1931-11-01,-0.06,0.16608333333333336
1931-12-01,-0.05,0.17608333333333337
1932-01-01,0.15,0.3760833333333333
1932-02-01,-0.18,0.046083333333333365
1932-03-01,-0.19,0.036083333333333356
1932-04-01,-0.06,0.16608333333333336
1932-05-01,-0.18,0.046083333333333365
1932-06-01,-0.29,-0.06391666666666662
1932-07-01,-0.25,-0.02391666666666664
1932-08-01,-0.22,0.006083333333333357
1932-09-01,-0.11,0.11608333333333336
1932-10-01,-0.09,0.13608333333333336
1932-11-01,-0.28,-0.05391666666666667
1932-12-01,-0.27,-0.04391666666666666
1933-01-01,-0.24,-0.013916666666666633
1933-02-01,-0.3,-0.07391666666666663
1933-03-01,-0.3,-0.07391666666666663
1933-04-01,-0.25,-0.02391666666666664
1933-05-01,-0.29,-0.06391666666666662
1933-06-01,-0.34,-0.11391666666666667
1933-07-01,-0.21,0.016083333333333366
1933-08-01,-0.24,-0.013916666666666633
1933-09-01,-0.29,-0.06391666666666662
1933-10-01,-0.25,-0.02391666666666664
1933-11-01,-0.31,-0.08391666666666664
1933-12-01,-0.45,-0.22391666666666665
1934-01-01,-0.21,0.016083333333333366
1934-02-01,-0.03,0.19608333333333336
1934-03-01,-0.29,-0.06391666666666662
1934-04-01,-0.31,-0.08391666666666664
1934-05-01,-0.1,0.12608333333333335
1934-06-01,-0.15,0.07608333333333336
1934-07-01,-0.11,0.11608333333333336
1934-08-01,-0.12,0.10608333333333336
1934-09-01,-0.15,0.07608333333333336
1934-10-01,-0.07,0.15608333333333335
1934-11-01,0.03,0.25608333333333333
1934-12-01,-0.03,0.19608333333333336
1935-01-01,-0.34,-0.11391666666666667
1935-02-01,0.14,0.36608333333333337
1935-03-01,-0.14,0.08608333333333335
1935-04-01,-0.38,-0.15391666666666665
1935-05-01,-0.29,-0.06391666666666662
1935-06-01,-0.27,-0.04391666666666666
1935-07-01,-0.22,0.006083333333333357
1935-08-01,-0.22,0.006083333333333357
1935-09-01,-0.22,0.006083333333333357
1935-10-01,-0.06,0.16608333333333336
1935-11-01,-0.26,-0.03391666666666665
1935-12-01,-0.17,0.056083333333333346
1936-01-01,-0.28,-0.05391666666666667
1936-02-01,-0.38,-0.15391666666666665
1936-03-01,-0.21,0.016083333333333366
1936-04-01,-0.2,0.026083333333333347
1936-05-01,-0.16,0.06608333333333336
1936-06-01,-0.22,0.006083333333333357
1936-07-01,-0.1,0.12608333333333335
1936-08-01,-0.14,0.08608333333333335
1936-09-01,-0.09,0.13608333333333336
1936-10-01,-0.03,0.19608333333333336
1936-11-01,0.01,0.23608333333333337
1936-12-01,-0.01,0.21608333333333335
1937-01-01,-0.07,0.15608333333333335
1937-02-01,0.03,0.25608333333333333
1937-03-01,-0.21,0.016083333333333366
1937-04-01,-0.16,0.06608333333333336
1937-05-01,-0.06,0.16608333333333336
1937-06-01,-0.05,0.17608333333333337
1937-07-01,-0.03,0.19608333333333336
1937-08-01,0.01,0.23608333333333337
1937-09-01,0.09,0.3160833333333334
1937-10-01,0.08,0.3060833333333334
1937-11-01,0.08,0.3060833333333334
1937-12-01,-0.08,0.14608333333333334
1938-01-01,0.08,0.3060833333333334
1938-02-01,0.04,0.26608333333333334
1938-03-01,0.1,0.3260833333333334
1938-04-01,0.06,0.28608333333333336
1938-05-01,-0.1,0.12608333333333335
1938-06-01,-0.17,0.056083333333333346
1938-07-01,-0.09,0.13608333333333336
1938-08-01,-0.06,0.16608333333333336
1938-09-01,0.0,0.22608333333333336
1938-10-01,0.14,0.36608333333333337
1938-11-01,0.07,0.29608333333333337
1938-12-01,-0.13,0.09608333333333335
1939-01-01,-0.05,0.17608333333333337
1939-02-01,-0.06,0.16608333333333336
1939-03-01,-0.18,0.046083333333333365
1939-04-01,-0.1,0.12608333333333335
1939-05-01,-0.05,0.17608333333333337
1939-06-01,-0.07,0.15608333333333335
1939-07-01,-0.06,0.16608333333333336
1939-08-01,-0.06,0.16608333333333336
1939-09-01,-0.08,0.14608333333333334
1939-10-01,-0.04,0.18608333333333335
1939-11-01,0.07,0.29608333333333337
1939-12-01,0.42,0.6460833333333333
1940-01-01,-0.01,0.21608333333333335
1940-02-01,0.08,0.3060833333333334
1940-03-01,0.09,0.3160833333333334
1940-04-01,0.17,0.39608333333333334
1940-05-01,0.1,0.3260833333333334
1940-06-01,0.11,0.33608333333333335
1940-07-01,0.12,0.34608333333333335
1940-08-01,0.06,0.28608333333333336
1940-09-01,0.15,0.3760833333333333
1940-10-01,0.11,0.33608333333333335
1940-11-01,0.16,0.38608333333333333
1940-12-01,0.31,0.5360833333333334
1941-01-01,0.17,0.39608333333333334
1941-02-01,0.3,0.5260833333333333
1941-03-01,0.1,0.3260833333333334
1941-04-01,0.16,0.38608333333333333
1941-05-01,0.16,0.38608333333333333
1941-06-01,0.12,0.34608333333333335
1941-07-01,0.22,0.4460833333333334
1941-08-01,0.14,0.36608333333333337
1941-09-01,0.02,0.24608333333333335
1941-10-01,0.35,0.5760833333333333
1941-11-01,0.22,0.4460833333333334
1941-12-01,0.21,0.4360833333333334
1942-01-01,0.29,0.5160833333333333
1942-02-01,0.02,0.24608333333333335
1942-03-01,0.05,0.27608333333333335
1942-04-01,0.09,0.3160833333333334
1942-05-01,0.11,0.33608333333333335
1942-06-01,0.04,0.26608333333333334
1942-07-01,0.0,0.22608333333333336
1942-08-01,-0.04,0.18608333333333335
1942-09-01,-0.03,0.19608333333333336
1942-10-01,0.01,0.23608333333333337
1942-11-01,0.09,0.3160833333333334
1942-12-01,0.12,0.34608333333333335
1943-01-01,-0.01,0.21608333333333335
1943-02-01,0.17,0.39608333333333334
1943-03-01,-0.04,0.18608333333333335
1943-04-01,0.11,0.33608333333333335
1943-05-01,0.06,0.28608333333333336
1943-06-01,-0.05,0.17608333333333337
1943-07-01,0.08,0.3060833333333334
1943-08-01,0.0,0.22608333333333336
1943-09-01,0.05,0.27608333333333335
1943-10-01,0.23,0.4560833333333334
1943-11-01,0.19,0.41608333333333336
1943-12-01,0.23,0.4560833333333334
1944-01-01,0.36,0.5860833333333333
1944-02-01,0.24,0.46608333333333335
1944-03-01,0.26,0.48608333333333337
1944-04-01,0.19,0.41608333333333336
1944-05-01,0.18,0.40608333333333335
1944-06-01,0.15,0.3760833333333333
1944-07-01,0.17,0.39608333333333334
1944-08-01,0.18,0.40608333333333335
1944-09-01,0.28,0.5060833333333334
1944-10-01,0.26,0.48608333333333337
1944-11-01,0.11,0.33608333333333335
1944-12-01,0.04,0.26608333333333334
1945-01-01,0.1,0.3260833333333334
1945-02-01,0.01,0.23608333333333337
1945-03-01,0.06,0.28608333333333336
1945-04-01,0.19,0.41608333333333336
1945-05-01,0.06,0.28608333333333336
1945-06-01,0.0,0.22608333333333336
1945-07-01,0.04,0.26608333333333334
1945-08-01,0.26,0.48608333333333337
1945-09-01,0.2,0.42608333333333337
1945-10-01,0.18,0.40608333333333335
1945-11-01,0.07,0.29608333333333337
1945-12-01,-0.07,0.15608333333333335
1946-01-01,0.15,0.3760833333333333
1946-02-01,0.03,0.25608333333333333
1946-03-01,0.01,0.23608333333333337
1946-04-01,0.05,0.27608333333333335
1946-05-01,-0.07,0.15608333333333335
1946-06-01,-0.21,0.016083333333333366
1946-07-01,-0.12,0.10608333333333336
1946-08-01,-0.2,0.026083333333333347
1946-09-01,-0.08,0.14608333333333334
1946-10-01,-0.08,0.14608333333333334
1946-11-01,-0.06,0.16608333333333336
1946-12-01,-0.31,-0.08391666666666664
1947-01-01,-0.07,0.15608333333333335
1947-02-01,-0.08,0.14608333333333334
1947-03-01,0.06,0.28608333333333336
1947-04-01,0.06,0.28608333333333336
1947-05-01,-0.02,0.20608333333333337
1947-06-01,-0.02,0.20608333333333337
1947-07-01,-0.04,0.18608333333333335
1947-08-01,-0.07,0.15608333333333335
1947-09-01,-0.12,0.10608333333333336
1947-10-01,0.07,0.29608333333333337
1947-11-01,0.02,0.24608333333333335
1947-12-01,-0.13,0.09608333333333335
1948-01-01,0.06,0.28608333333333336
1948-02-01,-0.15,0.07608333333333336
1948-03-01,-0.24,-0.013916666666666633
1948-04-01,-0.12,0.10608333333333336
1948-05-01,-0.01,0.21608333333333335
1948-06-01,-0.05,0.17608333333333337
1948-07-01,-0.11,0.11608333333333336
1948-08-01,-0.12,0.10608333333333336
1948-09-01,-0.14,0.08608333333333335
1948-10-01,-0.05,0.17608333333333337
1948-11-01,-0.13,0.09608333333333335
1948-12-01,-0.24,-0.013916666666666633
1949-01-01,0.07,0.29608333333333337
1949-02-01,-0.14,0.08608333333333335
1949-03-01,-0.02,0.20608333333333337
1949-04-01,-0.11,0.11608333333333336
1949-05-01,-0.1,0.12608333333333335
1949-06-01,-0.27,-0.04391666666666666
1949-07-01,-0.13,0.09608333333333335
1949-08-01,-0.13,0.09608333333333335
1949-09-01,-0.14,0.08608333333333335
1949-10-01,-0.06,0.16608333333333336
1949-11-01,-0.1,0.12608333333333335
1949-12-01,-0.18,0.046083333333333365
1950-01-01,-0.26,-0.03391666666666665
1950-02-01,-0.27,-0.04391666666666666
1950-03-01,-0.08,0.14608333333333334
1950-04-01,-0.21,0.016083333333333366
1950-05-01,-0.11,0.11608333333333336
1950-06-01,-0.05,0.17608333333333337
1950-07-01,-0.09,0.13608333333333336
1950-08-01,-0.16,0.06608333333333336
1950-09-01,-0.11,0.11608333333333336
1950-10-01,-0.2,0.026083333333333347
1950-11-01,-0.34,-0.11391666666666667
1950-12-01,-0.22,0.006083333333333357
1951-01-01,-0.34,-0.11391666666666667
1951-02-01,-0.41,-0.18391666666666662
1951-03-01,-0.2,0.026083333333333347
1951-04-01,-0.14,0.08608333333333335
1951-05-01,0.0,0.22608333333333336
1951-06-01,-0.06,0.16608333333333336
1951-07-01,-0.01,0.21608333333333335
1951-08-01,0.06,0.28608333333333336
1951-09-01,0.05,0.27608333333333335
1951-10-01,0.08,0.3060833333333334
1951-11-01,-0.01,0.21608333333333335
1951-12-01,0.16,0.38608333333333333
1952-01-01,0.11,0.33608333333333335
1952-02-01,0.11,0.33608333333333335
1952-03-01,-0.08,0.14608333333333334
1952-04-01,0.03,0.25608333333333333
1952-05-01,-0.03,0.19608333333333336
1952-06-01,-0.03,0.19608333333333336
1952-07-01,0.04,0.26608333333333334
1952-08-01,0.05,0.27608333333333335
1952-09-01,0.07,0.29608333333333337
1952-10-01,0.0,0.22608333333333336
1952-11-01,-0.13,0.09608333333333335
1952-12-01,-0.02,0.20608333333333337
1953-01-01,0.07,0.29608333333333337
1953-02-01,0.15,0.3760833333333333
1953-03-01,0.11,0.33608333333333335
1953-04-01,0.19,0.41608333333333336
1953-05-01,0.11,0.33608333333333335
1953-06-01,0.12,0.34608333333333335
1953-07-01,0.01,0.23608333333333337
1953-08-01,0.05,0.27608333333333335
1953-09-01,0.04,0.26608333333333334
1953-10-01,0.08,0.3060833333333334
1953-11-01,-0.03,0.19608333333333336
1953-12-01,0.05,0.27608333333333335
1954-01-01,-0.24,-0.013916666666666633
1954-02-01,-0.1,0.12608333333333335
1954-03-01,-0.15,0.07608333333333336
1954-04-01,-0.14,0.08608333333333335
1954-05-01,-0.2,0.026083333333333347
1954-06-01,-0.19,0.036083333333333356
1954-07-01,-0.19,0.036083333333333356
1954-08-01,-0.17,0.056083333333333346
1954-09-01,-0.1,0.12608333333333335
1954-10-01,-0.02,0.20608333333333337
1954-11-01,0.08,0.3060833333333334
1954-12-01,-0.18,0.046083333333333365
1955-01-01,0.13,0.35608333333333336
1955-02-01,-0.16,0.06608333333333336
1955-03-01,-0.32,-0.09391666666666665
1955-04-01,-0.22,0.006083333333333357
1955-05-01,-0.2,0.026083333333333347
1955-06-01,-0.13,0.09608333333333335
1955-07-01,-0.11,0.11608333333333336
1955-08-01,0.02,0.24608333333333335
1955-09-01,-0.11,0.11608333333333336
1955-10-01,-0.05,0.17608333333333337
1955-11-01,-0.25,-0.02391666666666664
1955-12-01,-0.28,-0.05391666666666667
1956-01-01,-0.13,0.09608333333333335
1956-02-01,-0.24,-0.013916666666666633
1956-03-01,-0.21,0.016083333333333366
1956-04-01,-0.28,-0.05391666666666667
1956-05-01,-0.29,-0.06391666666666662
1956-06-01,-0.15,0.07608333333333336
1956-07-01,-0.09,0.13608333333333336
1956-08-01,-0.25,-0.02391666666666664
1956-09-01,-0.19,0.036083333333333356
1956-10-01,-0.23,-0.003916666666666652
1956-11-01,-0.15,0.07608333333333336
1956-12-01,-0.07,0.15608333333333335
1957-01-01,-0.09,0.13608333333333336
1957-02-01,-0.03,0.19608333333333336
1957-03-01,-0.05,0.17608333333333337
1957-04-01,0.0,0.22608333333333336
1957-05-01,0.09,0.3160833333333334
1957-06-01,0.15,0.3760833333333333
1957-07-01,0.02,0.24608333333333335
1957-08-01,0.15,0.3760833333333333
1957-09-01,0.09,0.3160833333333334
1957-10-01,0.01,0.23608333333333337
1957-11-01,0.08,0.3060833333333334
1957-12-01,0.15,0.3760833333333333
1958-01-01,0.39,0.6160833333333333
1958-02-01,0.22,0.4460833333333334
1958-03-01,0.09,0.3160833333333334
1958-04-01,0.02,0.24608333333333335
1958-05-01,0.06,0.28608333333333336
1958-06-01,-0.09,0.13608333333333336
1958-07-01,0.05,0.27608333333333335
1958-08-01,-0.05,0.17608333333333337
1958-09-01,-0.02,0.20608333333333337
1958-10-01,0.04,0.26608333333333334
1958-11-01,0.02,0.24608333333333335
1958-12-01,0.01,0.23608333333333337
1959-01-01,0.08,0.3060833333333334
1959-02-01,0.07,0.29608333333333337
1959-03-01,0.18,0.40608333333333335
1959-04-01,0.16,0.38608333333333333
1959-05-01,0.04,0.26608333333333334
1959-06-01,0.03,0.25608333333333333
1959-07-01,0.03,0.25608333333333333
1959-08-01,-0.01,0.21608333333333335
1959-09-01,-0.06,0.16608333333333336
1959-10-01,-0.07,0.15608333333333335
1959-11-01,-0.08,0.14608333333333334
1959-12-01,0.0,0.22608333333333336
1960-01-01,0.0,0.22608333333333336
1960-02-01,0.13,0.35608333333333336
1960-03-01,-0.35,-0.12391666666666662
1960-04-01,-0.15,0.07608333333333336
1960-05-01,-0.08,0.14608333333333334
1960-06-01,-0.04,0.18608333333333335
1960-07-01,-0.04,0.18608333333333335
1960-08-01,0.02,0.24608333333333335
1960-09-01,0.07,0.29608333333333337
1960-10-01,0.06,0.28608333333333336
1960-11-01,-0.11,0.11608333333333336
1960-12-01,0.19,0.41608333333333336
1961-01-01,0.07,0.29608333333333337
1961-02-01,0.19,0.41608333333333336
1961-03-01,0.09,0.3160833333333334
1961-04-01,0.13,0.35608333333333336
1961-05-01,0.12,0.34608333333333335
1961-06-01,0.11,0.33608333333333335
1961-07-01,0.01,0.23608333333333337
1961-08-01,0.01,0.23608333333333337
1961-09-01,0.08,0.3060833333333334
1961-10-01,0.0,0.22608333333333336
1961-11-01,0.03,0.25608333333333333
1961-12-01,-0.16,0.06608333333333336
1962-01-01,0.05,0.27608333333333335
1962-02-01,0.15,0.3760833333333333
1962-03-01,0.1,0.3260833333333334
1962-04-01,0.05,0.27608333333333335
1962-05-01,-0.06,0.16608333333333336
1962-06-01,0.03,0.25608333333333333
1962-07-01,0.02,0.24608333333333335
1962-08-01,-0.01,0.21608333333333335
1962-09-01,0.0,0.22608333333333336
1962-10-01,0.01,0.23608333333333337
1962-11-01,0.06,0.28608333333333336
1962-12-01,-0.03,0.19608333333333336
1963-01-01,-0.03,0.19608333333333336
1963-02-01,0.18,0.40608333333333335
1963-03-01,-0.14,0.08608333333333335
1963-04-01,-0.07,0.15608333333333335
1963-05-01,-0.06,0.16608333333333336
1963-06-01,0.05,0.27608333333333335
1963-07-01,0.06,0.28608333333333336
1963-08-01,0.22,0.4460833333333334
1963-09-01,0.18,0.40608333333333335
1963-10-01,0.14,0.36608333333333337
1963-11-01,0.15,0.3760833333333333
1963-12-01,-0.03,0.19608333333333336
1964-01-01,-0.09,0.13608333333333336
1964-02-01,-0.1,0.12608333333333335
1964-03-01,-0.21,0.016083333333333366
1964-04-01,-0.32,-0.09391666666666665
1964-05-01,-0.25,-0.02391666666666664
1964-06-01,-0.04,0.18608333333333335
1964-07-01,-0.04,0.18608333333333335
1964-08-01,-0.22,0.006083333333333357
1964-09-01,-0.29,-0.06391666666666662
1964-10-01,-0.31,-0.08391666666666664
1964-11-01,-0.21,0.016083333333333366
1964-12-01,-0.3,-0.07391666666666663
1965-01-01,-0.08,0.14608333333333334
1965-02-01,-0.17,0.056083333333333346
1965-03-01,-0.13,0.09608333333333335
1965-04-01,-0.19,0.036083333333333356
1965-05-01,-0.12,0.10608333333333336
1965-06-01,-0.08,0.14608333333333334
1965-07-01,-0.13,0.09608333333333335
1965-08-01,-0.04,0.18608333333333335
1965-09-01,-0.15,0.07608333333333336
1965-10-01,-0.05,0.17608333333333337
1965-11-01,-0.06,0.16608333333333336
1965-12-01,-0.08,0.14608333333333334
1966-01-01,-0.19,0.036083333333333356
1966-02-01,-0.04,0.18608333333333335
1966-03-01,0.03,0.25608333333333333
1966-04-01,-0.13,0.09608333333333335
1966-05-01,-0.12,0.10608333333333336
1966-06-01,0.01,0.23608333333333337
1966-07-01,0.08,0.3060833333333334
1966-08-01,-0.09,0.13608333333333336
1966-09-01,-0.03,0.19608333333333336
1966-10-01,-0.17,0.056083333333333346
1966-11-01,-0.01,0.21608333333333335
1966-12-01,-0.03,0.19608333333333336
1967-01-01,-0.07,0.15608333333333335
1967-02-01,-0.21,0.016083333333333366
1967-03-01,0.05,0.27608333333333335
1967-04-01,-0.05,0.17608333333333337
1967-05-01,0.12,0.34608333333333335
1967-06-01,-0.08,0.14608333333333334
1967-07-01,0.02,0.24608333333333335
1967-08-01,0.01,0.23608333333333337
1967-09-01,-0.06,0.16608333333333336
1967-10-01,0.09,0.3160833333333334
1967-11-01,-0.05,0.17608333333333337
1967-12-01,-0.05,0.17608333333333337
1968-01-01,-0.26,-0.03391666666666665
1968-02-01,-0.14,0.08608333333333335
1968-03-01,0.2,0.42608333333333337
1968-04-01,-0.06,0.16608333333333336
1968-05-01,-0.14,0.08608333333333335
1968-06-01,-0.09,0.13608333333333336
1968-07-01,-0.13,0.09608333333333335
1968-08-01,-0.09,0.13608333333333336
1968-09-01,-0.19,0.036083333333333356
1968-10-01,0.09,0.3160833333333334
1968-11-01,-0.05,0.17608333333333337
1968-12-01,-0.15,0.07608333333333336
1969-01-01,-0.11,0.11608333333333336
1969-02-01,-0.18,0.046083333333333365
1969-03-01,0.01,0.23608333333333337
1969-04-01,0.17,0.39608333333333334
1969-05-01,0.18,0.40608333333333335
1969-06-01,0.03,0.25608333333333333
1969-07-01,-0.05,0.17608333333333337
1969-08-01,0.04,0.26608333333333334
1969-09-01,0.08,0.3060833333333334
1969-10-01,0.09,0.3160833333333334
1969-11-01,0.12,0.34608333333333335
1969-12-01,0.24,0.46608333333333335
1970-01-01,0.08,0.3060833333333334
1970-02-01,0.22,0.4460833333333334
1970-03-01,0.06,0.28608333333333336
1970-04-01,0.05,0.27608333333333335
1970-05-01,-0.04,0.18608333333333335
1970-06-01,-0.02,0.20608333333333337
1970-07-01,0.02,0.24608333333333335
1970-08-01,-0.1,0.12608333333333335
1970-09-01,0.12,0.34608333333333335
1970-10-01,0.03,0.25608333333333333
1970-11-01,0.02,0.24608333333333335
1970-12-01,-0.12,0.10608333333333336
1971-01-01,-0.02,0.20608333333333337
1971-02-01,-0.15,0.07608333333333336
1971-03-01,-0.18,0.046083333333333365
1971-04-01,-0.07,0.15608333333333335
1971-05-01,-0.05,0.17608333333333337
1971-06-01,-0.16,0.06608333333333336
1971-07-01,-0.08,0.14608333333333334
1971-08-01,-0.01,0.21608333333333335
1971-09-01,-0.05,0.17608333333333337
1971-10-01,-0.04,0.18608333333333335
1971-11-01,-0.07,0.15608333333333335
1971-12-01,-0.08,0.14608333333333334
1972-01-01,-0.23,-0.003916666666666652
1972-02-01,-0.18,0.046083333333333365
1972-03-01,0.02,0.24608333333333335
1972-04-01,0.0,0.22608333333333336
1972-05-01,-0.03,0.19608333333333336
1972-06-01,0.04,0.26608333333333334
1972-07-01,0.01,0.23608333333333337
1972-08-01,0.16,0.38608333333333333
1972-09-01,0.02,0.24608333333333335
1972-10-01,0.08,0.3060833333333334
1972-11-01,0.02,0.24608333333333335
1972-12-01,0.18,0.40608333333333335
1973-01-01,0.29,0.5160833333333333
1973-02-01,0.32,0.5460833333333334
1973-03-01,0.29,0.5160833333333333
1973-04-01,0.27,0.4960833333333334
1973-05-01,0.23,0.4560833333333334
1973-06-01,0.19,0.41608333333333336
1973-07-01,0.12,0.34608333333333335
1973-08-01,0.05,0.27608333333333335
1973-09-01,0.09,0.3160833333333334
1973-10-01,0.1,0.3260833333333334
1973-11-01,0.04,0.26608333333333334
1973-12-01,-0.07,0.15608333333333335
1974-01-01,-0.1,0.12608333333333335
1974-02-01,-0.27,-0.04391666666666666
1974-03-01,-0.05,0.17608333333333337
1974-04-01,-0.11,0.11608333333333336
1974-05-01,-0.04,0.18608333333333335
1974-06-01,-0.05,0.17608333333333337
1974-07-01,-0.03,0.19608333333333336
1974-08-01,0.1,0.3260833333333334
1974-09-01,-0.08,0.14608333333333334
1974-10-01,-0.06,0.16608333333333336
1974-11-01,-0.08,0.14608333333333334
1974-12-01,-0.08,0.14608333333333334
1975-01-01,0.1,0.3260833333333334
1975-02-01,0.08,0.3060833333333334
1975-03-01,0.12,0.34608333333333335
1975-04-01,0.04,0.26608333333333334
1975-05-01,0.16,0.38608333333333333
1975-06-01,-0.01,0.21608333333333335
1975-07-01,-0.01,0.21608333333333335
1975-08-01,-0.17,0.056083333333333346
1975-09-01,-0.02,0.20608333333333337
1975-10-01,-0.11,0.11608333333333336
1975-11-01,-0.17,0.056083333333333346
1975-12-01,-0.17,0.056083333333333346
1976-01-01,-0.03,0.19608333333333336
1976-02-01,-0.06,0.16608333333333336
1976-03-01,-0.22,0.006083333333333357
1976-04-01,-0.07,0.15608333333333335
1976-05-01,-0.21,0.016083333333333366
1976-06-01,-0.12,0.10608333333333336
1976-07-01,-0.1,0.12608333333333335
1976-08-01,-0.12,0.10608333333333336
1976-09-01,-0.06,0.16608333333333336
1976-10-01,-0.24,-0.013916666666666633
1976-11-01,-0.06,0.16608333333333336
1976-12-01,0.11,0.33608333333333335
1977-01-01,0.19,0.41608333333333336
1977-02-01,0.23,0.4560833333333334
1977-03-01,0.24,0.46608333333333335
1977-04-01,0.26,0.48608333333333337
1977-05-01,0.33,0.5560833333333334
1977-06-01,0.27,0.4960833333333334
1977-07-01,0.2,0.42608333333333337
1977-08-01,0.18,0.40608333333333335
1977-09-01,0.02,0.24608333333333335
1977-10-01,0.03,0.25608333333333333
1977-11-01,0.16,0.38608333333333333
1977-12-01,0.03,0.25608333333333333
1978-01-01,0.06,0.28608333333333336
1978-02-01,0.1,0.3260833333333334
1978-03-01,0.19,0.41608333333333336
1978-04-01,0.17,0.39608333333333334
1978-05-01,0.09,0.3160833333333334
1978-06-01,-0.01,0.21608333333333335
1978-07-01,0.04,0.26608333333333334
1978-08-01,-0.14,0.08608333333333335
1978-09-01,0.06,0.28608333333333336
1978-10-01,0.03,0.25608333333333333
1978-11-01,0.13,0.35608333333333336
1978-12-01,0.08,0.3060833333333334
1979-01-01,0.08,0.3060833333333334
1979-02-01,-0.1,0.12608333333333335
1979-03-01,0.19,0.41608333333333336
1979-04-01,0.15,0.3760833333333333
1979-05-01,0.03,0.25608333333333333
1979-06-01,0.14,0.36608333333333337
1979-07-01,0.04,0.26608333333333334
1979-08-01,0.16,0.38608333333333333
1979-09-01,0.25,0.47608333333333336
1979-10-01,0.26,0.48608333333333337
1979-11-01,0.28,0.5060833333333334
1979-12-01,0.47,0.6960833333333334
1980-01-01,0.29,0.5160833333333333
1980-02-01,0.39,0.6160833333333333
1980-03-01,0.29,0.5160833333333333
1980-04-01,0.3,0.5260833333333333
1980-05-01,0.35,0.5760833333333333
1980-06-01,0.2,0.42608333333333337
1980-07-01,0.22,0.4460833333333334
1980-08-01,0.18,0.40608333333333335
1980-09-01,0.2,0.42608333333333337
1980-10-01,0.13,0.35608333333333336
1980-11-01,0.29,0.5160833333333333
1980-12-01,0.21,0.4360833333333334
1981-01-01,0.53,0.7560833333333334
1981-02-01,0.42,0.6460833333333333
1981-03-01,0.48,0.7060833333333334
1981-04-01,0.32,0.5460833333333334
1981-05-01,0.24,0.46608333333333335
1981-06-01,0.29,0.5160833333333333
1981-07-01,0.32,0.5460833333333334
1981-08-01,0.35,0.5760833333333333
1981-09-01,0.14,0.36608333333333337
1981-10-01,0.12,0.34608333333333335
1981-11-01,0.23,0.4560833333333334
1981-12-01,0.41,0.6360833333333333
1982-01-01,0.05,0.27608333333333335
1982-02-01,0.15,0.3760833333333333
1982-03-01,0.03,0.25608333333333333
1982-04-01,0.15,0.3760833333333333
1982-05-01,0.18,0.40608333333333335
1982-06-01,0.05,0.27608333333333335
1982-07-01,0.14,0.36608333333333337
1982-08-01,0.03,0.25608333333333333
1982-09-01,0.14,0.36608333333333337
1982-10-01,0.13,0.35608333333333336
1982-11-01,0.18,0.40608333333333335
1982-12-01,0.43,0.6560833333333334
1983-01-01,0.53,0.7560833333333334
1983-02-01,0.43,0.6560833333333334
1983-03-01,0.42,0.6460833333333333
1983-04-01,0.27,0.4960833333333334
1983-05-01,0.34,0.5660833333333334
1983-06-01,0.23,0.4560833333333334
1983-07-01,0.18,0.40608333333333335
1983-08-01,0.36,0.5860833333333333
1983-09-01,0.37,0.5960833333333333
1983-10-01,0.17,0.39608333333333334
1983-11-01,0.3,0.5260833333333333
1983-12-01,0.16,0.38608333333333333
1984-01-01,0.31,0.5360833333333334
1984-02-01,0.14,0.36608333333333337
1984-03-01,0.26,0.48608333333333337
1984-04-01,0.06,0.28608333333333336
1984-05-01,0.33,0.5560833333333334
1984-06-01,0.02,0.24608333333333335
1984-07-01,0.19,0.41608333333333336
1984-08-01,0.19,0.41608333333333336
1984-09-01,0.21,0.4360833333333334
1984-10-01,0.13,0.35608333333333336
1984-11-01,0.06,0.28608333333333336
1984-12-01,-0.04,0.18608333333333335
1985-01-01,0.22,0.4460833333333334
1985-02-01,-0.04,0.18608333333333335
1985-03-01,0.17,0.39608333333333334
1985-04-01,0.12,0.34608333333333335
1985-05-01,0.14,0.36608333333333337
1985-06-01,0.15,0.3760833333333333
1985-07-01,0.04,0.26608333333333334
1985-08-01,0.17,0.39608333333333334
1985-09-01,0.13,0.35608333333333336
1985-10-01,0.11,0.33608333333333335
1985-11-01,0.05,0.27608333333333335
1985-12-01,0.14,0.36608333333333337
1986-01-01,0.26,0.48608333333333337
1986-02-01,0.37,0.5960833333333333
1986-03-01,0.3,0.5260833333333333
1986-04-01,0.22,0.4460833333333334
1986-05-01,0.21,0.4360833333333334
1986-06-01,0.12,0.34608333333333335
1986-07-01,0.11,0.33608333333333335
1986-08-01,0.16,0.38608333333333333
1986-09-01,0.03,0.25608333333333333
1986-10-01,0.15,0.3760833333333333
1986-11-01,0.1,0.3260833333333334
1986-12-01,0.13,0.35608333333333336
1987-01-01,0.32,0.5460833333333334
1987-02-01,0.43,0.6560833333333334
1987-03-01,0.18,0.40608333333333335
1987-04-01,0.24,0.46608333333333335
1987-05-01,0.25,0.47608333333333336
1987-06-01,0.35,0.5760833333333333
1987-07-01,0.4,0.6260833333333333
1987-08-01,0.25,0.47608333333333336
1987-09-01,0.35,0.5760833333333333
1987-10-01,0.33,0.5560833333333334
1987-11-01,0.29,0.5160833333333333
1987-12-01,0.46,0.6860833333333334
1988-01-01,0.57,0.7960833333333333
1988-02-01,0.44,0.6660833333333334
1988-03-01,0.51,0.7360833333333334
1988-04-01,0.43,0.6560833333333334
1988-05-01,0.44,0.6660833333333334
1988-06-01,0.4,0.6260833333333333
1988-07-01,0.33,0.5560833333333334
1988-08-01,0.39,0.6160833333333333
1988-09-01,0.37,0.5960833333333333
1988-10-01,0.37,0.5960833333333333
1988-11-01,0.12,0.34608333333333335
1988-12-01,0.29,0.5160833333333333
1989-01-01,0.12,0.34608333333333335
1989-02-01,0.29,0.5160833333333333
1989-03-01,0.36,0.5860833333333333
1989-04-01,0.29,0.5160833333333333
1989-05-01,0.17,0.39608333333333334
1989-06-01,0.15,0.3760833333333333
1989-07-01,0.34,0.5660833333333334
1989-08-01,0.33,0.5560833333333334
1989-09-01,0.34,0.5660833333333334
1989-10-01,0.29,0.5160833333333333
1989-11-01,0.2,0.42608333333333337
1989-12-01,0.37,0.5960833333333333
1990-01-01,0.41,0.6360833333333333
1990-02-01,0.44,0.6660833333333334
1990-03-01,0.8,1.0260833333333335
1990-04-01,0.56,0.7860833333333335
1990-05-01,0.45,0.6760833333333334
1990-06-01,0.37,0.5960833333333333
1990-07-01,0.46,0.6860833333333334
1990-08-01,0.34,0.5660833333333334
1990-09-01,0.23,0.4560833333333334
1990-10-01,0.44,0.6660833333333334
1990-11-01,0.46,0.6860833333333334
1990-12-01,0.4,0.6260833333333333
1991-01-01,0.42,0.6460833333333333
1991-02-01,0.5,0.7260833333333334
1991-03-01,0.35,0.5760833333333333
1991-04-01,0.51,0.7360833333333334
1991-05-01,0.34,0.5660833333333334
1991-06-01,0.53,0.7560833333333334
1991-07-01,0.47,0.6960833333333334
1991-08-01,0.39,0.6160833333333333
1991-09-01,0.44,0.6660833333333334
1991-10-01,0.29,0.5160833333333333
1991-11-01,0.29,0.5160833333333333
1991-12-01,0.31,0.5360833333333334
1992-01-01,0.47,0.6960833333333334
1992-02-01,0.4,0.6260833333333333
1992-03-01,0.48,0.7060833333333334
1992-04-01,0.27,0.4960833333333334
1992-05-01,0.31,0.5360833333333334
1992-06-01,0.26,0.48608333333333337
1992-07-01,0.09,0.3160833333333334
1992-08-01,0.08,0.3060833333333334
1992-09-01,-0.01,0.21608333333333335
1992-10-01,0.07,0.29608333333333337
1992-11-01,0.03,0.25608333333333333
1992-12-01,0.21,0.4360833333333334
1993-01-01,0.34,0.5660833333333334
1993-02-01,0.37,0.5960833333333333
1993-03-01,0.36,0.5860833333333333
1993-04-01,0.28,0.5060833333333334
1993-05-01,0.28,0.5060833333333334
1993-06-01,0.23,0.4560833333333334
1993-07-01,0.25,0.47608333333333336
1993-08-01,0.11,0.33608333333333335
1993-09-01,0.11,0.33608333333333335
1993-10-01,0.23,0.4560833333333334
1993-11-01,0.03,0.25608333333333333
1993-12-01,0.18,0.40608333333333335
1994-01-01,0.26,0.48608333333333337
1994-02-01,0.02,0.24608333333333335
1994-03-01,0.29,0.5160833333333333
1994-04-01,0.41,0.6360833333333333
1994-05-01,0.28,0.5060833333333334
1994-06-01,0.43,0.6560833333333334
1994-07-01,0.3,0.5260833333333333
1994-08-01,0.21,0.4360833333333334
1994-09-01,0.31,0.5360833333333334
1994-10-01,0.42,0.6460833333333333
1994-11-01,0.44,0.6660833333333334
1994-12-01,0.38,0.6060833333333333
1995-01-01,0.52,0.7460833333333334
1995-02-01,0.79,1.0160833333333334
1995-03-01,0.46,0.6860833333333334
1995-04-01,0.47,0.6960833333333334
1995-05-01,0.27,0.4960833333333334
1995-06-01,0.43,0.6560833333333334
1995-07-01,0.45,0.6760833333333334
1995-08-01,0.45,0.6760833333333334
1995-09-01,0.33,0.5560833333333334
1995-10-01,0.46,0.6860833333333334
1995-11-01,0.44,0.6660833333333334
1995-12-01,0.26,0.48608333333333337
1996-01-01,0.24,0.46608333333333335
1996-02-01,0.46,0.6860833333333334
1996-03-01,0.32,0.5460833333333334
1996-04-01,0.33,0.5560833333333334
1996-05-01,0.27,0.4960833333333334
1996-06-01,0.25,0.47608333333333336
1996-07-01,0.36,0.5860833333333333
1996-08-01,0.48,0.7060833333333334
1996-09-01,0.25,0.47608333333333336
1996-10-01,0.22,0.4460833333333334
1996-11-01,0.41,0.6360833333333333
1996-12-01,0.37,0.5960833333333333
1997-01-01,0.32,0.5460833333333334
1997-02-01,0.41,0.6360833333333333
1997-03-01,0.52,0.7460833333333334
1997-04-01,0.33,0.5560833333333334
1997-05-01,0.34,0.5660833333333334
1997-06-01,0.54,0.7660833333333334
1997-07-01,0.34,0.5660833333333334
1997-08-01,0.41,0.6360833333333333
1997-09-01,0.52,0.7460833333333334
1997-10-01,0.61,0.8360833333333333
1997-11-01,0.64,0.8660833333333333
1997-12-01,0.59,0.8160833333333333
1998-01-01,0.58,0.8060833333333333
1998-02-01,0.88,1.1060833333333333
1998-03-01,0.63,0.8560833333333333
1998-04-01,0.63,0.8560833333333333
1998-05-01,0.68,0.9060833333333334
1998-06-01,0.77,0.9960833333333334
1998-07-01,0.66,0.8860833333333333
1998-08-01,0.65,0.8760833333333333
1998-09-01,0.42,0.6460833333333333
1998-10-01,0.42,0.6460833333333333
1998-11-01,0.43,0.6560833333333334
1998-12-01,0.54,0.7660833333333334
1999-01-01,0.48,0.7060833333333334
1999-02-01,0.64,0.8660833333333333
1999-03-01,0.32,0.5460833333333334
1999-04-01,0.32,0.5460833333333334
1999-05-01,0.26,0.48608333333333337
1999-06-01,0.36,0.5860833333333333
1999-07-01,0.38,0.6060833333333333
1999-08-01,0.31,0.5360833333333334
1999-09-01,0.38,0.6060833333333333
1999-10-01,0.34,0.5660833333333334
1999-11-01,0.37,0.5960833333333333
1999-12-01,0.41,0.6360833333333333
2000-01-01,0.24,0.46608333333333335
2000-02-01,0.56,0.7860833333333335
2000-03-01,0.55,0.7760833333333335
2000-04-01,0.56,0.7860833333333335
2000-05-01,0.35,0.5760833333333333
2000-06-01,0.4,0.6260833333333333
2000-07-01,0.39,0.6160833333333333
2000-08-01,0.42,0.6460833333333333
2000-09-01,0.38,0.6060833333333333
2000-10-01,0.26,0.48608333333333337
2000-11-01,0.3,0.5260833333333333
2000-12-01,0.28,0.5060833333333334
2001-01-01,0.45,0.6760833333333334
2001-02-01,0.43,0.6560833333333334
2001-03-01,0.55,0.7760833333333335
2001-04-01,0.5,0.7260833333333334
2001-05-01,0.57,0.7960833333333333
2001-06-01,0.52,0.7460833333333334
2001-07-01,0.59,0.8160833333333333
2001-08-01,0.49,0.7160833333333334
2001-09-01,0.51,0.7360833333333334
2001-10-01,0.5,0.7260833333333334
2001-11-01,0.72,0.9460833333333334
2001-12-01,0.55,0.7760833333333335
2002-01-01,0.77,0.9960833333333334
2002-02-01,0.78,1.0060833333333334
2002-03-01,0.88,1.1060833333333333
2002-04-01,0.58,0.8060833333333333
2002-05-01,0.64,0.8660833333333333
2002-06-01,0.53,0.7560833333333334
2002-07-01,0.61,0.8360833333333333
2002-08-01,0.53,0.7560833333333334
2002-09-01,0.63,0.8560833333333333
2002-10-01,0.54,0.7660833333333334
2002-11-01,0.58,0.8060833333333333
2002-12-01,0.44,0.6660833333333334
2003-01-01,0.74,0.9660833333333334
2003-02-01,0.58,0.8060833333333333
2003-03-01,0.6,0.8260833333333333
2003-04-01,0.55,0.7760833333333335
2003-05-01,0.6,0.8260833333333333
2003-06-01,0.47,0.6960833333333334
2003-07-01,0.57,0.7960833333333333
2003-08-01,0.64,0.8660833333333333
2003-09-01,0.62,0.8460833333333333
2003-10-01,0.72,0.9460833333333334
2003-11-01,0.53,0.7560833333333334
2003-12-01,0.74,0.9660833333333334
2004-01-01,0.58,0.8060833333333333
2004-02-01,0.72,0.9460833333333334
2004-03-01,0.63,0.8560833333333333
2004-04-01,0.61,0.8360833333333333
2004-05-01,0.37,0.5960833333333333
2004-06-01,0.44,0.6660833333333334
2004-07-01,0.26,0.48608333333333337
2004-08-01,0.45,0.6760833333333334
2004-09-01,0.49,0.7160833333333334
2004-10-01,0.61,0.8360833333333333
2004-11-01,0.73,0.9560833333333334
2004-12-01,0.5,0.7260833333333334
2005-01-01,0.74,0.9660833333333334
2005-02-01,0.6,0.8260833333333333
2005-03-01,0.74,0.9660833333333334
2005-04-01,0.67,0.8960833333333333
2005-05-01,0.63,0.8560833333333333
2005-06-01,0.64,0.8660833333333333
2005-07-01,0.61,0.8360833333333333
2005-08-01,0.6,0.8260833333333333
2005-09-01,0.71,0.9360833333333334
2005-10-01,0.76,0.9860833333333334
2005-11-01,0.74,0.9660833333333334
2005-12-01,0.67,0.8960833333333333
2006-01-01,0.56,0.7860833333333335
2006-02-01,0.73,0.9560833333333334
2006-03-01,0.63,0.8560833333333333
2006-04-01,0.46,0.6860833333333334
2006-05-01,0.48,0.7060833333333334
2006-06-01,0.66,0.8860833333333333
2006-07-01,0.54,0.7660833333333334
2006-08-01,0.7,0.9260833333333334
2006-09-01,0.66,0.8860833333333333
2006-10-01,0.69,0.9160833333333334
2006-11-01,0.74,0.9660833333333334
2006-12-01,0.79,1.0160833333333334
2007-01-01,1.02,1.2460833333333334
2007-02-01,0.7,0.9260833333333334
2007-03-01,0.71,0.9360833333333334
2007-04-01,0.76,0.9860833333333334
2007-05-01,0.68,0.9060833333333334
2007-06-01,0.61,0.8360833333333333
2007-07-01,0.59,0.8160833333333333
2007-08-01,0.6,0.8260833333333333
2007-09-01,0.59,0.8160833333333333
2007-10-01,0.58,0.8060833333333333
2007-11-01,0.59,0.8160833333333333
2007-12-01,0.49,0.7160833333333334
2008-01-01,0.3,0.5260833333333333
2008-02-01,0.38,0.6060833333333333
2008-03-01,0.75,0.9760833333333334
2008-04-01,0.54,0.7660833333333334
2008-05-01,0.5,0.7260833333333334
2008-06-01,0.49,0.7160833333333334
2008-07-01,0.6,0.8260833333333333
2008-08-01,0.46,0.6860833333333334
2008-09-01,0.61,0.8360833333333333
2008-10-01,0.67,0.8960833333333333
2008-11-01,0.69,0.9160833333333334
2008-12-01,0.53,0.7560833333333334
2009-01-01,0.64,0.8660833333333333
2009-02-01,0.53,0.7560833333333334
2009-03-01,0.53,0.7560833333333334
2009-04-01,0.61,0.8360833333333333
2009-05-01,0.65,0.8760833333333333
2009-06-01,0.64,0.8660833333333333
2009-07-01,0.74,0.9660833333333334
2009-08-01,0.69,0.9160833333333334
2009-09-01,0.71,0.9360833333333334
2009-10-01,0.65,0.8760833333333333
2009-11-01,0.79,1.0160833333333334
2009-12-01,0.67,0.8960833333333333
2010-01-01,0.75,0.9760833333333334
2010-02-01,0.84,1.0660833333333333
2010-03-01,0.92,1.1460833333333333
2010-04-01,0.85,1.0760833333333333
2010-05-01,0.75,0.9760833333333334
2010-06-01,0.67,0.8960833333333333
2010-07-01,0.63,0.8560833333333333
2010-08-01,0.67,0.8960833333333333
2010-09-01,0.63,0.8560833333333333
2010-10-01,0.72,0.9460833333333334
2010-11-01,0.81,1.0360833333333335
2010-12-01,0.45,0.6760833333333334
2011-01-01,0.52,0.7460833333333334
2011-02-01,0.47,0.6960833333333334
2011-03-01,0.65,0.8760833333333333
2011-04-01,0.64,0.8660833333333333
2011-05-01,0.53,0.7560833333333334
2011-06-01,0.63,0.8560833333333333
2011-07-01,0.7,0.9260833333333334
2011-08-01,0.75,0.9760833333333334
2011-09-01,0.56,0.7860833333333335
2011-10-01,0.65,0.8760833333333333
2011-11-01,0.59,0.8160833333333333
2011-12-01,0.6,0.8260833333333333
2012-01-01,0.47,0.6960833333333334
2012-02-01,0.48,0.7060833333333334
2012-03-01,0.57,0.7960833333333333
2012-04-01,0.73,0.9560833333333334
2012-05-01,0.78,1.0060833333333334
2012-06-01,0.64,0.8660833333333333
2012-07-01,0.59,0.8160833333333333
2012-08-01,0.66,0.8860833333333333
2012-09-01,0.72,0.9460833333333334
2012-10-01,0.8,1.0260833333333335
2012-11-01,0.78,1.0060833333333334
2012-12-01,0.53,0.7560833333333334
2013-01-01,0.71,0.9360833333333334
2013-02-01,0.62,0.8460833333333333
2013-03-01,0.67,0.8960833333333333
2013-04-01,0.53,0.7560833333333334
2013-05-01,0.6,0.8260833333333333
2013-06-01,0.7,0.9260833333333334
2013-07-01,0.6,0.8260833333333333
2013-08-01,0.7,0.9260833333333334
2013-09-01,0.77,0.9960833333333334
2013-10-01,0.7,0.9260833333333334
2013-11-01,0.83,1.0560833333333333
2013-12-01,0.7,0.9260833333333334
2014-01-01,0.77,0.9960833333333334
2014-02-01,0.55,0.7760833333333335
2014-03-01,0.78,1.0060833333333334
2014-04-01,0.81,1.0360833333333335
2014-05-01,0.86,1.0860833333333333
2014-06-01,0.67,0.8960833333333333
2014-07-01,0.58,0.8060833333333333
2014-08-01,0.83,1.0560833333333333
2014-09-01,0.88,1.1060833333333333
2014-10-01,0.8,1.0260833333333335
2014-11-01,0.67,0.8960833333333333
2014-12-01,0.78,1.0060833333333334
2015-01-01,0.87,1.0960833333333333
2015-02-01,0.91,1.1360833333333333
2015-03-01,0.96,1.1860833333333334
2015-04-01,0.75,0.9760833333333334
2015-05-01,0.8,1.0260833333333335
2015-06-01,0.81,1.0360833333333335
2015-07-01,0.73,0.9560833333333334
2015-08-01,0.79,1.0160833333333334
2015-09-01,0.84,1.0660833333333333
2015-10-01,1.07,1.2960833333333335
2015-11-01,1.06,1.2860833333333335
2015-12-01,1.17,1.3960833333333333
2016-01-01,1.18,1.4060833333333334
2016-02-01,1.37,1.5960833333333335
2016-03-01,1.35,1.5760833333333335
2016-04-01,1.09,1.3160833333333335
2016-05-01,0.95,1.1760833333333334
2016-06-01,0.81,1.0360833333333335
2016-07-01,0.84,1.0660833333333333
2016-08-01,1.02,1.2460833333333334
2016-09-01,0.9,1.1260833333333333
2016-10-01,0.87,1.0960833333333333
2016-11-01,0.92,1.1460833333333333
2016-12-01,0.86,1.0860833333333333
2017-01-01,1.02,1.2460833333333334
2017-02-01,1.13,1.3560833333333333
2017-03-01,1.16,1.3860833333333333
2017-04-01,0.94,1.1660833333333334
2017-05-01,0.91,1.1360833333333333
2017-06-01,0.71,0.9360833333333334
2017-07-01,0.81,1.0360833333333335
2017-08-01,0.87,1.0960833333333333
2017-09-01,0.75,0.9760833333333334
2017-10-01,0.89,1.1160833333333333
2017-11-01,0.88,1.1060833333333333
2017-12-01,0.93,1.1560833333333334
2018-01-01,0.82,1.0460833333333333
2018-02-01,0.85,1.0760833333333333
2018-03-01,0.88,1.1060833333333333
2018-04-01,0.88,1.1060833333333333
2018-05-01,0.81,1.0360833333333335
2018-06-01,0.77,0.9960833333333334
2018-07-01,0.83,1.0560833333333333
2018-08-01,0.78,1.0060833333333334
2018-09-01,0.81,1.0360833333333335
2018-10-01,1.01,1.2360833333333334
2018-11-01,0.84,1.0660833333333333
2018-12-01,0.93,1.1560833333333334
2019-01-01,0.93,1.1560833333333334
2019-02-01,0.96,1.1860833333333334
2019-03-01,1.17,1.3960833333333333
2019-04-01,1.01,1.2360833333333334
2019-05-01,0.86,1.0860833333333333
2019-06-01,0.91,1.1360833333333333
2019-07-01,0.94,1.1660833333333334
2019-08-01,0.95,1.1760833333333334
2019-09-01,0.93,1.1560833333333334
2019-10-01,0.99,1.2160833333333334
2019-11-01,0.99,1.2160833333333334
2019-12-01,1.12,1.3460833333333335
2020-01-01,1.18,1.4060833333333334
2020-02-01,1.24,1.4660833333333334
2020-03-01,1.18,1.4060833333333334
2020-04-01,1.12,1.3460833333333335
2020-05-01,0.99,1.2160833333333334
2020-06-01,0.91,1.1360833333333333
2020-07-01,0.89,1.1160833333333333
2020-08-01,0.86,1.0860833333333333
2020-09-01,0.97,1.1960833333333334
2020-10-01,0.87,1.0960833333333333
2020-11-01,1.09,1.3160833333333335
2020-12-01,0.8,1.0260833333333335
2021-01-01,0.81,1.0360833333333335
2021-02-01,0.64,0.8660833333333333
2021-03-01,0.89,1.1160833333333333
2021-04-01,0.76,0.9860833333333334
2021-05-01,0.79,1.0160833333333334
2021-06-01,0.85,1.0760833333333333
2021-07-01,0.92,1.1460833333333333
2021-08-01,0.81,1.0360833333333335
2021-09-01,0.92,1.1460833333333333
2021-10-01,0.99,1.2160833333333334
2021-11-01,0.92,1.1460833333333333
2021-12-01,0.87,1.0960833333333333
2022-01-01,0.91,1.1360833333333333
2022-02-01,0.89,1.1160833333333333
2022-03-01,1.05,1.2760833333333335
2022-04-01,0.84,1.0660833333333333
2022-05-01,0.84,1.0660833333333333
2022-06-01,0.92,1.1460833333333333
2022-07-01,0.94,1.1660833333333334
2022-08-01,0.95,1.1760833333333334
2022-09-01,0.89,1.1160833333333333
2022-10-01,0.97,1.1960833333333334
2022-11-01,0.73,0.9560833333333334
2022-12-01,0.8,1.0260833333333335
2023-01-01,0.88,1.1060833333333333
2023-02-01,0.97,1.1960833333333334
2023-03-01,1.23,1.4560833333333334
2023-04-01,0.99,1.2160833333333334
2023-05-01,0.94,1.1660833333333334
2023-06-01,1.08,1.3060833333333335
2023-07-01,1.19,1.4160833333333334
2023-08-01,1.19,1.4160833333333334
2023-09-01,1.48,1.7060833333333334
2023-10-01,1.34,1.5660833333333335
2023-11-01,1.42,1.6460833333333333
2023-12-01,1.37,1.5960833333333335
2024-01-01,1.25,1.4760833333333334
2024-02-01,1.44,1.6660833333333334
2024-03-01,1.39,1.6160833333333333
2024-04-01,1.31,1.5360833333333335
2024-05-01,1.15,1.3760833333333333
2024-06-01,1.24,1.4660833333333334
2024-07-01,1.2,1.4260833333333334
2024-08-01,1.3,1.5260833333333335
2024-09-01,1.23,1.4560833333333334
2024-10-01,1.34,1.5660833333333335
2024-11-01,1.29,1.5160833333333334
2024-12-01,1.27,1.4960833333333334
2025-01-01,1.37,1.5960833333333335
2025-02-01,1.26,1.4860833333333334
2025-03-01,1.36,1.5860833333333335
2025-04-01,1.23,1.4560833333333334
2025-05-01,1.07,1.2960833333333335
2025-06-01,1.03,1.2560833333333334
