Date,RawTemp,Temp
1850-01-01,-1.04732,-0.2637429916666666
1850-02-01,-0.778262,0.005315008333333426
1850-03-01,-0.85462,-0.07104299166666661
1850-04-01,-0.991278,-0.20770099166666656
1850-05-01,-0.840596,-0.057018991666666574
1850-06-01,-0.621357,0.1622200083333334
1850-07-01,-0.53314,0.2504370083333335
1850-08-01,-0.608492,0.1750850083333334
1850-09-01,-0.687922,0.0956550083333334
1850-10-01,-0.814557,-0.03097999166666654
1850-11-01,-0.735379,0.04819800833333343
1850-12-01,-0.642733,0.14084400833333344
1851-01-01,-0.772008,0.011569008333333408
1851-02-01,-0.733864,0.049713008333333475
1851-03-01,-0.883993,-0.10041599166666659
1851-04-01,-0.945387,-0.16180999166666654
1851-05-01,-0.778966,0.0046110083333333884
1851-06-01,-0.584102,0.19947500833333343
1851-07-01,-0.434457,0.34912000833333345
1851-08-01,-0.410563,0.3730140083333334
1851-09-01,-0.611964,0.17161300833333348
1851-10-01,-0.569611,0.21396600833333346
1851-11-01,-0.643552,0.14002500833333342
1851-12-01,-0.626827,0.1567500083333334
1852-01-01,-0.670993,0.11258400833333349
1852-02-01,-0.862832,-0.07925499166666661
1852-03-01,-0.955484,-0.17190699166666656
1852-04-01,-0.807254,-0.02367699166666659
1852-05-01,-0.646615,0.13696200833333338
1852-06-01,-0.427867,0.35571000833333344
1852-07-01,-0.503771,0.27980600833333347
1852-08-01,-0.530172,0.25340500833333346
1852-09-01,-0.489041,0.29453600833333343
1852-10-01,-0.567797,0.21578000833333344
1852-11-01,-0.639382,0.14419500833333343
1852-12-01,-0.5327,0.2508770083333335
1853-01-01,-0.780412,0.003165008333333441
1853-02-01,-0.840136,-0.05655899166666656
1853-03-01,-0.828885,-0.04530799166666655
1853-04-01,-0.854544,-0.07096699166666653
1853-05-01,-0.626559,0.15701800833333346
1853-06-01,-0.522713,0.26086400833333345
1853-07-01,-0.405849,0.3777280083333334
1853-08-01,-0.57397,0.20960700833333346
1853-09-01,-0.697233,0.08634400833333344
1853-10-01,-0.708041,0.0755360083333334
1853-11-01,-0.73955,0.044027008333333395
1853-12-01,-0.645052,0.13852500833333348
1854-01-01,-0.825955,-0.04237799166666656
1854-02-01,-0.742,0.04157700833333344
1854-03-01,-0.727742,0.055835008333333436
1854-04-01,-0.695307,0.08827000833333343
1854-05-01,-0.65799,0.12558700833333347
1854-06-01,-0.580125,0.20345200833333343
1854-07-01,-0.597765,0.18581200833333344
1854-08-01,-0.626763,0.15681400833333348
1854-09-01,-0.605501,0.17807600833333348
1854-10-01,-0.563829,0.2197480083333334
1854-11-01,-0.619785,0.1637920083333334
1854-12-01,-0.643501,0.14007600833333345
1855-01-01,-0.700493,0.0830840083333334
1855-02-01,-0.71789,0.06568700833333341
1855-03-01,-0.688092,0.0954850083333334
1855-04-01,-0.742021,0.041556008333333394
1855-05-01,-0.69708,0.0864970083333334
1855-06-01,-0.617652,0.16592500833333346
1855-07-01,-0.735866,0.047711008333333416
1855-08-01,-0.627554,0.1560230083333335
1855-09-01,-0.746488,0.037089008333333395
1855-10-01,-0.626361,0.1572160083333335
1855-11-01,-0.704548,0.07902900833333348
1855-12-01,-0.657726,0.1258510083333334
1856-01-01,-0.433229,0.35034800833333346
1856-02-01,-0.629538,0.1540390083333334
1856-03-01,-0.735076,0.048501008333333484
1856-04-01,-0.883612,-0.10003499166666652
1856-05-01,-0.753227,0.030350008333333456
1856-06-01,-0.641611,0.1419660083333334
1856-07-01,-0.699732,0.08384500833333342
1856-08-01,-0.872657,-0.08907999166666658
1856-09-01,-0.825272,-0.04169499166666657
1856-10-01,-0.968749,-0.18517199166666654
1856-11-01,-0.783164,0.00041300833333346443
1856-12-01,-0.672055,0.11152200833333348
1857-01-01,-0.719379,0.06419800833333345
1857-02-01,-0.960963,-0.17738599166666658
1857-03-01,-0.822045,-0.03846799166666659
1857-04-01,-0.92342,-0.13984299166666658
1857-05-01,-0.959729,-0.17615199166666662
1857-06-01,-0.725261,0.05831600833333339
1857-07-01,-0.740629,0.042948008333333454
1857-08-01,-0.770291,0.013286008333333488
1857-09-01,-0.8282,-0.04462299166666661
1857-10-01,-0.859275,-0.07569799166666658
1857-11-01,-0.763348,0.02022900833333341
1857-12-01,-0.613634,0.16994300833333342
1858-01-01,-0.749483,0.034094008333333425
1858-02-01,-0.791129,-0.007551991666666535
1858-03-01,-0.733801,0.0497760083333334
1858-04-01,-0.844021,-0.060443991666666586
1858-05-01,-0.851656,-0.06807899166666653
1858-06-01,-0.687725,0.0958520083333334
1858-07-01,-0.671334,0.11224300833333345
1858-08-01,-0.597262,0.18631500833333348
1858-09-01,-0.829424,-0.045846991666666614
1858-10-01,-0.665004,0.1185730083333334
1858-11-01,-0.804541,-0.020963991666666515
1858-12-01,-0.84966,-0.06608299166666654
1859-01-01,-0.770963,0.012614008333333482
1859-02-01,-0.692765,0.09081200833333347
1859-03-01,-0.713937,0.06964000833333339
1859-04-01,-0.672765,0.11081200833333349
1859-05-01,-0.543136,0.24044100833333348
1859-06-01,-0.636822,0.14675500833333344
1859-07-01,-0.851275,-0.06769799166666657
1859-08-01,-0.543978,0.23959900833333347
1859-09-01,-0.837153,-0.0535759916666666
1859-10-01,-0.788647,-0.005069991666666551
1859-11-01,-0.672552,0.1110250083333334
1859-12-01,-0.430101,0.3534760083333334
1860-01-01,-0.789777,-0.006199991666666516
1860-02-01,-0.81484,-0.03126299166666657
1860-03-01,-0.964056,-0.1804789916666666
1860-04-01,-0.856512,-0.07293499166666662
1860-05-01,-0.768035,0.015542008333333412
1860-06-01,-0.758395,0.025182008333333394
1860-07-01,-0.781667,0.001910008333333435
1860-08-01,-0.64093,0.14264700833333344
1860-09-01,-0.689485,0.09409200833333342
1860-10-01,-0.949657,-0.16607999166666654
1860-11-01,-0.787395,-0.0038179916666665203
1860-12-01,-0.998183,-0.2146059916666666
1861-01-01,-1.05753,-0.27395299166666665
1861-02-01,-1.209526,-0.42594899166666667
1861-03-01,-0.852968,-0.06939099166666651
1861-04-01,-0.845368,-0.06179099166666657
1861-05-01,-0.998526,-0.2149489916666666
1861-06-01,-0.803772,-0.020194991666666606
1861-07-01,-0.740749,0.042828008333333445
1861-08-01,-0.827255,-0.04367799166666653
1861-09-01,-0.804124,-0.020546991666666514
1861-10-01,-0.783295,0.0002820083333334722
1861-11-01,-0.665839,0.11773800833333348
1861-12-01,-0.749959,0.03361800833333339
1862-01-01,-1.026523,-0.24294599166666664
1862-02-01,-1.046852,-0.26327499166666646
1862-03-01,-0.995695,-0.21211799166666656
1862-04-01,-0.830667,-0.04708999166666661
1862-05-01,-0.848199,-0.0646219916666666
1862-06-01,-0.821605,-0.038027991666666594
1862-07-01,-0.826399,-0.04282199166666656
1862-08-01,-0.894794,-0.11121699166666654
1862-09-01,-0.921607,-0.13802999166666652
1862-10-01,-0.946931,-0.16335399166666653
1862-11-01,-0.820708,-0.03713099166666656
1862-12-01,-1.198706,-0.4151289916666666
1863-01-01,-0.775938,0.007639008333333419
1863-02-01,-0.905497,-0.12191999166666656
1863-03-01,-0.876876,-0.09329899166666655
1863-04-01,-0.784948,-0.0013709916666665434
1863-05-01,-0.870394,-0.08681699166666657
1863-06-01,-0.885157,-0.10157999166666654
1863-07-01,-0.895509,-0.11193199166666656
1863-08-01,-0.875195,-0.09161799166666651
1863-09-01,-0.994386,-0.21080899166666656
1863-10-01,-1.008284,-0.22470699166666652
1863-11-01,-0.742529,0.04104800833333344
1863-12-01,-0.779137,0.004440008333333467
1864-01-01,-1.012696,-0.2291189916666666
1864-02-01,-1.028834,-0.2452569916666666
1864-03-01,-1.001571,-0.21799399166666655
1864-04-01,-0.800842,-0.017264991666666618
1864-05-01,-0.698622,0.08495500833333347
1864-06-01,-0.662223,0.12135400833333343
1864-07-01,-0.692391,0.09118600833333346
1864-08-01,-0.883538,-0.09996099166666661
1864-09-01,-0.82344,-0.039862991666666514
1864-10-01,-0.868024,-0.08444699166666658
1864-11-01,-0.756098,0.027479008333333388
1864-12-01,-0.874755,-0.09117799166666651
1865-01-01,-0.477265,0.30631200833333344
1865-02-01,-0.718577,0.06500000833333341
1865-03-01,-0.870507,-0.0869299916666666
1865-04-01,-0.858569,-0.07499199166666659
1865-05-01,-0.787051,-0.0034739916666665094
1865-06-01,-0.55506,0.22851700833333344
1865-07-01,-0.516493,0.26708400833333346
1865-08-01,-0.572734,0.21084300833333347
1865-09-01,-0.547996,0.2355810083333334
1865-10-01,-0.585255,0.19832200833333347
1865-11-01,-0.717525,0.06605200833333347
1865-12-01,-0.67116,0.11241700833333346
1866-01-01,-0.524577,0.2590000083333335
1866-02-01,-0.644157,0.13942000833333346
1866-03-01,-0.774652,0.008925008333333428
1866-04-01,-0.97297,-0.18939299166666657
1866-05-01,-0.924355,-0.1407779916666666
1866-06-01,-0.573753,0.20982400833333348
1866-07-01,-0.622081,0.16149600833333344
1866-08-01,-0.716809,0.0667680083333334
1866-09-01,-0.65285,0.1307270083333334
1866-10-01,-0.888321,-0.10474399166666659
1866-11-01,-0.741432,0.042145008333333456
1866-12-01,-0.692519,0.09105800833333344
1867-01-01,-0.818031,-0.03445399166666652
1867-02-01,-1.121074,-0.33749699166666647
1867-03-01,-0.856787,-0.07320999166666653
1867-04-01,-1.07609,-0.29251299166666656
1867-05-01,-0.909076,-0.12549899166666656
1867-06-01,-0.649785,0.1337920083333335
1867-07-01,-0.766236,0.017341008333333408
1867-08-01,-0.75237,0.031207008333333452
1867-09-01,-0.761758,0.02181900833333339
1867-10-01,-0.80286,-0.019282991666666582
1867-11-01,-0.607886,0.1756910083333334
1867-12-01,-0.71657,0.0670070083333334
1868-01-01,-0.956255,-0.17267799166666653
1868-02-01,-0.751611,0.03196600833333341
1868-03-01,-0.72513,0.05844700833333338
1868-04-01,-0.955995,-0.1724179916666666
1868-05-01,-0.797602,-0.014024991666666597
1868-06-01,-0.733372,0.05020500833333341
1868-07-01,-0.644089,0.1394880083333334
1868-08-01,-0.62842,0.15515700833333346
1868-09-01,-0.694233,0.08934400833333345
1868-10-01,-0.600171,0.18340600833333343
1868-11-01,-0.827945,-0.044367991666666606
1868-12-01,-0.544776,0.2388010083333334
1869-01-01,-0.624681,0.1588960083333334
1869-02-01,-0.48599,0.29758700833333346
1869-03-01,-0.734057,0.049520008333333476
1869-04-01,-0.778851,0.004726008333333476
1869-05-01,-0.546087,0.23749000833333345
1869-06-01,-0.72055,0.06302700833333341
1869-07-01,-0.704185,0.07939200833333349
1869-08-01,-0.658941,0.12463600833333344
1869-09-01,-0.78021,0.0033670083333334766
1869-10-01,-0.801397,-0.01781999166666659
1869-11-01,-0.652165,0.13141200833333344
1869-12-01,-0.789845,-0.006267991666666584
1870-01-01,-0.82732,-0.04374299166666662
1870-02-01,-0.972037,-0.1884599916666666
1870-03-01,-0.865662,-0.0820849916666666
1870-04-01,-0.866948,-0.08337099166666662
1870-05-01,-0.833112,-0.04953499166666653
1870-06-01,-0.628906,0.15467100833333347
1870-07-01,-0.563338,0.22023900833333343
1870-08-01,-0.64749,0.13608700833333343
1870-09-01,-0.698919,0.08465800833333348
1870-10-01,-0.83932,-0.05574299166666652
1870-11-01,-0.864954,-0.08137699166666656
1870-12-01,-0.893514,-0.1099369916666666
1871-01-01,-0.945939,-0.16236199166666654
1871-02-01,-0.962137,-0.17855999166666658
1871-03-01,-0.643463,0.14011400833333343
1871-04-01,-0.711944,0.07163300833333341
1871-05-01,-0.805966,-0.022388991666666525
1871-06-01,-0.589001,0.19457600833333344
1871-07-01,-0.598722,0.18485500833333346
1871-08-01,-0.717694,0.06588300833333338
1871-09-01,-0.844834,-0.06125699166666654
1871-10-01,-0.897422,-0.11384499166666662
1871-11-01,-0.91458,-0.1310029916666665
1871-12-01,-0.801749,-0.01817199166666661
1872-01-01,-0.90296,-0.11938299166666655
1872-02-01,-0.834716,-0.05113899166666658
1872-03-01,-0.807264,-0.023686991666666546
1872-04-01,-0.911337,-0.12775999166666652
1872-05-01,-0.712729,0.07084800833333349
1872-06-01,-0.782296,0.0012810083333334443
1872-07-01,-0.635504,0.14807300833333348
1872-08-01,-0.574768,0.2088090083333335
1872-09-01,-0.693139,0.09043800833333349
1872-10-01,-0.797368,-0.01379099166666653
1872-11-01,-0.810648,-0.0270709916666666
1872-12-01,-0.839689,-0.05611199166666658
1873-01-01,-0.823909,-0.04033199166666657
1873-02-01,-0.773021,0.010556008333333478
1873-03-01,-1.017348,-0.23377099166666648
1873-04-01,-0.978738,-0.19516099166666656
1873-05-01,-0.757598,0.025979008333333442
1873-06-01,-0.660444,0.1231330083333334
1873-07-01,-0.670918,0.11265900833333342
1873-08-01,-0.62674,0.15683700833333347
1873-09-01,-0.757747,0.025830008333333487
1873-10-01,-0.706811,0.07676600833333347
1873-11-01,-0.724692,0.05888500833333343
1873-12-01,-0.875855,-0.09227799166666661
1874-01-01,-0.784001,-0.0004239916666665122
1874-02-01,-0.942159,-0.15858199166666653
1874-03-01,-1.01937,-0.23579299166666667
1874-04-01,-0.946355,-0.1627779916666665
1874-05-01,-0.873375,-0.08979799166666658
1874-06-01,-0.800673,-0.017095991666666532
1874-07-01,-0.713103,0.0704740083333334
1874-08-01,-0.807869,-0.024291991666666513
1874-09-01,-0.696354,0.08722300833333341
1874-10-01,-0.859034,-0.07545699166666653
1874-11-01,-0.915361,-0.13178399166666654
1874-12-01,-0.762782,0.020795008333333476
1875-01-01,-0.75256,0.03101700833333343
1875-02-01,-0.868895,-0.08531799166666654
1875-03-01,-0.842055,-0.05847799166666656
1875-04-01,-0.859929,-0.07635199166666662
1875-05-01,-0.752114,0.031463008333333486
1875-06-01,-0.648155,0.1354220083333334
1875-07-01,-0.698089,0.08548800833333348
1875-08-01,-0.809146,-0.025568991666666596
1875-09-01,-0.775915,0.007662008333333414
1875-10-01,-0.830807,-0.047229991666666526
1875-11-01,-1.018314,-0.2347369916666665
1875-12-01,-1.039388,-0.25581099166666654
1876-01-01,-0.814734,-0.031156991666666523
1876-02-01,-0.998476,-0.2148989916666666
1876-03-01,-0.797334,-0.013756991666666551
1876-04-01,-0.839658,-0.05608099166666658
1876-05-01,-1.013724,-0.23014699166666663
1876-06-01,-0.752696,0.030881008333333404
1876-07-01,-0.706545,0.07703200833333346
1876-08-01,-0.829872,-0.04629499166666662
1876-09-01,-0.834461,-0.05088399166666657
1876-10-01,-0.778459,0.005118008333333424
1876-11-01,-0.939257,-0.15567999166666657
1876-12-01,-0.868726,-0.08514899166666656
1877-01-01,-0.701476,0.08210100833333345
1877-02-01,-0.628394,0.15518300833333343
1877-03-01,-0.606719,0.17685800833333343
1877-04-01,-0.701983,0.08159400833333341
1877-05-01,-0.728518,0.05505900833333344
1877-06-01,-0.526338,0.25723900833333346
1877-07-01,-0.404552,0.3790250083333334
1877-08-01,-0.421708,0.3618690083333334
1877-09-01,-0.478494,0.30508300833333346
1877-10-01,-0.368634,0.4149430083333334
1877-11-01,-0.375245,0.40833200833333344
1877-12-01,-0.509096,0.27448100833333344
1878-01-01,-0.526643,0.25693400833333346
1878-02-01,-0.441157,0.3424200083333334
1878-03-01,-0.28642,0.49715700833333343
1878-04-01,-0.407471,0.3761060083333334
1878-05-01,-0.579654,0.20392300833333343
1878-06-01,-0.369052,0.41452500833333344
1878-07-01,-0.373961,0.40961600833333345
1878-08-01,-0.550761,0.2328160083333335
1878-09-01,-0.527842,0.2557350083333334
1878-10-01,-0.6717,0.11187700833333347
1878-11-01,-0.691823,0.09175400833333347
1878-12-01,-0.678341,0.10523600833333346
1879-01-01,-0.706965,0.07661200833333348
1879-02-01,-0.875882,-0.09230499166666661
1879-03-01,-0.650025,0.13355200833333347
1879-04-01,-0.847843,-0.06426599166666658
1879-05-01,-0.737695,0.045882008333333446
1879-06-01,-0.697801,0.08577600833333343
1879-07-01,-0.654999,0.12857800833333344
1879-08-01,-0.75255,0.031027008333333383
1879-09-01,-0.799339,-0.015761991666666586
1879-10-01,-0.864912,-0.08133499166666658
1879-11-01,-0.901993,-0.11841599166666661
1879-12-01,-0.938222,-0.15464499166666656
1880-01-01,-1.014504,-0.23092699166666664
1880-02-01,-1.115281,-0.33170399166666653
1880-03-01,-0.823192,-0.0396149916666666
1880-04-01,-0.759916,0.0236610083333334
1880-05-01,-0.757261,0.026316008333333474
1880-06-01,-0.702427,0.08115000833333341
1880-07-01,-0.793501,-0.009923991666666576
1880-08-01,-0.609638,0.17393900833333342
1880-09-01,-0.816499,-0.03292199166666654
1880-10-01,-0.795248,-0.01167099166666652
1880-11-01,-0.746675,0.03690200833333346
1880-12-01,-0.707961,0.07561600833333348
1881-01-01,-0.699716,0.08386100833333343
1881-02-01,-0.743726,0.03985100833333344
1881-03-01,-0.754213,0.029364008333333413
1881-04-01,-0.598946,0.18463100833333346
1881-05-01,-0.533315,0.25026200833333345
1881-06-01,-0.721604,0.06197300833333341
1881-07-01,-0.6364,0.14717700833333347
1881-08-01,-0.695738,0.08783900833333347
1881-09-01,-0.815921,-0.03234399166666657
1881-10-01,-0.830865,-0.04728799166666653
1881-11-01,-0.881129,-0.09755199166666662
1881-12-01,-0.593534,0.19004300833333343
1882-01-01,-0.545521,0.2380560083333334
1882-02-01,-0.780724,0.002853008333333462
1882-03-01,-0.739447,0.04413000833333347
1882-04-01,-0.85492,-0.07134299166666658
1882-05-01,-0.711846,0.07173100833333346
1882-06-01,-0.810782,-0.027204991666666567
1882-07-01,-0.772368,0.011209008333333381
1882-08-01,-0.707674,0.07590300833333341
1882-09-01,-0.767758,0.015819008333333384
1882-10-01,-0.969664,-0.18608699166666653
1882-11-01,-0.896938,-0.11336099166666658
1882-12-01,-0.940037,-0.15645999166666658
1883-01-01,-0.879203,-0.09562599166666652
1883-02-01,-0.980984,-0.19740699166666653
1883-03-01,-0.715911,0.06766600833333347
1883-04-01,-0.850152,-0.06657499166666658
1883-05-01,-0.637296,0.14628100833333346
1883-06-01,-0.444144,0.33943300833333345
1883-07-01,-0.668127,0.11545000833333341
1883-08-01,-0.789918,-0.006340991666666573
1883-09-01,-0.828853,-0.045275991666666515
1883-10-01,-0.972281,-0.18870399166666652
1883-11-01,-0.859417,-0.07583999166666655
1883-12-01,-0.873446,-0.08986899166666651
1884-01-01,-0.911988,-0.12841099166666659
1884-02-01,-0.835769,-0.05219199166666655
1884-03-01,-1.106641,-0.32306399166666655
1884-04-01,-0.984845,-0.20126799166666653
1884-05-01,-0.847105,-0.06352799166666656
1884-06-01,-0.792168,-0.008590991666666548
1884-07-01,-0.863855,-0.0802779916666666
1884-08-01,-0.859045,-0.07546799166666651
1884-09-01,-0.935203,-0.15162599166666657
1884-10-01,-0.957994,-0.17441699166666658
1884-11-01,-0.970562,-0.1869849916666666
1884-12-01,-0.650234,0.13334300833333346
1885-01-01,-0.966388,-0.1828109916666666
1885-02-01,-0.873466,-0.08988899166666653
1885-03-01,-1.019461,-0.23588399166666651
1885-04-01,-1.028292,-0.24471499166666655
1885-05-01,-0.811602,-0.02802499166666661
1885-06-01,-0.855582,-0.07200499166666652
1885-07-01,-0.752766,0.03081100833333339
1885-08-01,-0.75699,0.026587008333333384
1885-09-01,-0.832575,-0.04899799166666652
1885-10-01,-0.820795,-0.03721799166666662
1885-11-01,-0.796017,-0.012439991666666539
1885-12-01,-0.659491,0.12408600833333339
1886-01-01,-0.906423,-0.12284599166666654
1886-02-01,-1.022418,-0.2388409916666666
1886-03-01,-1.105629,-0.32205199166666654
1886-04-01,-0.868422,-0.08484499166666659
1886-05-01,-0.817904,-0.03432699166666653
1886-06-01,-0.841839,-0.05826199166666657
1886-07-01,-0.747873,0.035704008333333426
1886-08-01,-0.738601,0.044976008333333484
1886-09-01,-0.87413,-0.09055299166666653
1886-10-01,-0.937278,-0.1537009916666665
1886-11-01,-0.916244,-0.1326669916666665
1886-12-01,-0.822656,-0.03907899166666662
1887-01-01,-1.254955,-0.4713779916666666
1887-02-01,-1.114114,-0.3305369916666666
1887-03-01,-1.075424,-0.2918469916666665
1887-04-01,-0.986431,-0.2028539916666665
1887-05-01,-0.948074,-0.16449699166666654
1887-06-01,-0.868822,-0.08524499166666655
1887-07-01,-0.790439,-0.006861991666666567
1887-08-01,-0.845295,-0.06171799166666658
1887-09-01,-0.805929,-0.02235199166666657
1887-10-01,-0.975841,-0.19226399166666652
1887-11-01,-0.922095,-0.13851799166666656
1887-12-01,-0.967313,-0.18373599166666654
1888-01-01,-0.816287,-0.03270999166666655
1888-02-01,-0.980542,-0.1969649916666666
1888-03-01,-0.914053,-0.13047599166666657
1888-04-01,-0.941126,-0.15754899166666658
1888-05-01,-0.761397,0.022180008333333445
1888-06-01,-0.713729,0.06984800833333349
1888-07-01,-0.601367,0.18221000833333345
1888-08-01,-0.664559,0.11901800833333342
1888-09-01,-0.780251,0.003326008333333408
1888-10-01,-0.526855,0.2567220083333335
1888-11-01,-0.534135,0.2494420083333334
1888-12-01,-0.625931,0.15764600833333342
1889-01-01,-0.595298,0.18827900833333344
1889-02-01,-0.4775,0.30607700833333346
1889-03-01,-0.603463,0.18011400833333346
1889-04-01,-0.593791,0.18978600833333348
1889-05-01,-0.541827,0.2417500083333335
1889-06-01,-0.62772,0.1558570083333335
1889-07-01,-0.655195,0.12838200833333346
1889-08-01,-0.668055,0.11552200833333348
1889-09-01,-0.744507,0.039070008333333406
1889-10-01,-0.816215,-0.03263799166666659
1889-11-01,-0.911115,-0.12753799166666657
1889-12-01,-0.83854,-0.054962991666666516
1890-01-01,-0.987731,-0.2041539916666666
1890-02-01,-0.949193,-0.16561599166666652
1890-03-01,-0.966296,-0.1827189916666666
1890-04-01,-1.000422,-0.2168449916666665
1890-05-01,-0.862481,-0.07890399166666662
1890-06-01,-0.909376,-0.12579899166666653
1890-07-01,-0.83926,-0.05568299166666657
1890-08-01,-0.923569,-0.13999199166666654
1890-09-01,-0.961568,-0.17799099166666654
1890-10-01,-0.840252,-0.05667499166666656
1890-11-01,-1.049791,-0.2662139916666665
1890-12-01,-0.848526,-0.06494899166666657
1891-01-01,-0.932391,-0.14881399166666653
1891-02-01,-1.120068,-0.33649099166666663
1891-03-01,-0.8758,-0.09222299166666659
1891-04-01,-0.890199,-0.10662199166666653
1891-05-01,-0.716825,0.06675200833333339
1891-06-01,-0.704027,0.07955000833333348
1891-07-01,-0.783013,0.0005640083333334767
1891-08-01,-0.789933,-0.006355991666666561
1891-09-01,-0.812601,-0.029023991666666582
1891-10-01,-0.809156,-0.02557899166666655
1891-11-01,-0.98,-0.19642299166666655
1891-12-01,-0.774676,0.008901008333333404
1892-01-01,-0.827567,-0.04398999166666662
1892-02-01,-0.746557,0.03702000833333341
1892-03-01,-0.894973,-0.11139599166666658
1892-04-01,-0.962977,-0.17939999166666654
1892-05-01,-0.966715,-0.18313799166666656
1892-06-01,-0.862164,-0.0785869916666666
1892-07-01,-0.98552,-0.20194299166666652
1892-08-01,-0.92961,-0.1460329916666666
1892-09-01,-0.928254,-0.1446769916666666
1892-10-01,-1.039002,-0.25542499166666655
1892-11-01,-1.126596,-0.3430189916666665
1892-12-01,-0.961869,-0.17829199166666654
1893-01-01,-1.217971,-0.4343939916666665
1893-02-01,-1.028389,-0.24481199166666656
1893-03-01,-1.044769,-0.2611919916666666
1893-04-01,-0.998506,-0.21492899166666657
1893-05-01,-0.935176,-0.15159899166666657
1893-06-01,-0.742627,0.0409500083333334
1893-07-01,-0.73469,0.04888700833333348
1893-08-01,-0.831949,-0.048371991666666614
1893-09-01,-0.906117,-0.12253999166666651
1893-10-01,-0.842042,-0.05846499166666652
1893-11-01,-1.003897,-0.2203199916666666
1893-12-01,-0.994226,-0.21064899166666662
1894-01-01,-1.198889,-0.41531199166666666
1894-02-01,-1.075391,-0.29181399166666655
1894-03-01,-1.028139,-0.24456199166666648
1894-04-01,-1.022253,-0.23867599166666664
1894-05-01,-0.847771,-0.06419399166666662
1894-06-01,-0.966414,-0.18283699166666656
1894-07-01,-0.738341,0.04523600833333341
1894-08-01,-0.721618,0.061959008333333454
1894-09-01,-0.905168,-0.12159099166666654
1894-10-01,-0.964525,-0.18094799166666653
1894-11-01,-0.981155,-0.19757799166666656
1894-12-01,-0.922445,-0.13886799166666652
1895-01-01,-0.993654,-0.2100769916666666
1895-02-01,-1.074715,-0.29113799166666665
1895-03-01,-0.965484,-0.18190699166666657
1895-04-01,-0.809005,-0.02542799166666654
1895-05-01,-0.846137,-0.06255999166666659
1895-06-01,-0.788783,-0.005205991666666576
1895-07-01,-0.655588,0.1279890083333335
1895-08-01,-0.693278,0.09029900833333349
1895-09-01,-0.833206,-0.049628991666666566
1895-10-01,-0.880777,-0.0971999916666666
1895-11-01,-0.746343,0.03723400833333346
1895-12-01,-0.845251,-0.06167399166666654
1896-01-01,-0.780248,0.003329008333333383
1896-02-01,-0.87359,-0.09001299166666654
1896-03-01,-0.873226,-0.08964899166666651
1896-04-01,-0.958425,-0.17484799166666654
1896-05-01,-0.838476,-0.05489899166666656
1896-06-01,-0.613683,0.16989400833333346
1896-07-01,-0.614325,0.16925200833333343
1896-08-01,-0.586568,0.19700900833333346
1896-09-01,-0.685333,0.09824400833333347
1896-10-01,-0.652523,0.13105400833333347
1896-11-01,-0.711453,0.07212400833333343
1896-12-01,-0.71009,0.07348700833333344
1897-01-01,-0.73846,0.04511700833333343
1897-02-01,-0.88447,-0.10089299166666654
1897-03-01,-0.849907,-0.06632999166666653
1897-04-01,-0.661472,0.12210500833333349
1897-05-01,-0.692867,0.09071000833333343
1897-06-01,-0.688571,0.09500600833333339
1897-07-01,-0.640461,0.1431160083333335
1897-08-01,-0.617257,0.1663200083333335
1897-09-01,-0.74815,0.035427008333333454
1897-10-01,-0.8212,-0.037622991666666605
1897-11-01,-0.750362,0.03321500833333346
1897-12-01,-0.7026,0.08097700833333343
1898-01-01,-0.84606,-0.0624829916666666
1898-02-01,-1.014871,-0.23129399166666664
1898-03-01,-1.142673,-0.3590959916666666
1898-04-01,-0.972887,-0.1893099916666665
1898-05-01,-0.876136,-0.09255899166666659
1898-06-01,-0.729869,0.053708008333333446
1898-07-01,-0.697619,0.08595800833333345
1898-08-01,-0.697658,0.08591900833333344
1898-09-01,-0.752435,0.03114200833333347
1898-10-01,-0.949394,-0.16581699166666652
1898-11-01,-0.990993,-0.20741599166666658
1898-12-01,-0.841282,-0.05770499166666654
1899-01-01,-0.896179,-0.11260199166666651
1899-02-01,-0.969483,-0.18590599166666655
1899-03-01,-0.942419,-0.15884199166666657
1899-04-01,-0.883374,-0.09979699166666656
1899-05-01,-0.795115,-0.01153799166666658
1899-06-01,-0.863806,-0.08022899166666653
1899-07-01,-0.675796,0.10778100833333348
1899-08-01,-0.652162,0.13141500833333342
1899-09-01,-0.614955,0.1686220083333334
1899-10-01,-0.730965,0.05261200833333346
1899-11-01,-0.661261,0.12231600833333345
1899-12-01,-0.640996,0.14258100833333343
1900-01-01,-0.884503,-0.1009259916666666
1900-02-01,-0.591382,0.19219500833333347
1900-03-01,-0.73575,0.04782700833333342
1900-04-01,-0.730534,0.05304300833333342
1900-05-01,-0.699117,0.08446000833333345
1900-06-01,-0.611699,0.17187800833333344
1900-07-01,-0.670517,0.1130600083333334
1900-08-01,-0.683728,0.09984900833333343
1900-09-01,-0.729372,0.054205008333333415
1900-10-01,-0.628456,0.15512100833333342
1900-11-01,-0.724388,0.059189008333333404
1900-12-01,-0.627726,0.15585100833333343
1901-01-01,-0.790568,-0.006990991666666613
1901-02-01,-0.784327,-0.0007499916666665607
1901-03-01,-0.622393,0.16118400833333346
1901-04-01,-0.625995,0.15758200833333347
1901-05-01,-0.692958,0.09061900833333347
1901-06-01,-0.728849,0.05472800833333347
1901-07-01,-0.703469,0.08010800833333342
1901-08-01,-0.70438,0.07919700833333343
1901-09-01,-0.812819,-0.029241991666666522
1901-10-01,-0.866319,-0.08274199166666651
1901-11-01,-0.802862,-0.01928499166666653
1901-12-01,-0.698597,0.08498000833333341
1902-01-01,-0.811324,-0.02774699166666661
1902-02-01,-0.710065,0.07351200833333349
1902-03-01,-0.973585,-0.1900079916666666
1902-04-01,-0.868559,-0.08498199166666653
1902-05-01,-0.794984,-0.011406991666666588
1902-06-01,-0.731911,0.05166600833333346
1902-07-01,-0.726557,0.05702000833333343
1902-08-01,-0.782188,0.0013890083333334413
1902-09-01,-0.84338,-0.05980299166666658
1902-10-01,-0.873984,-0.09040699166666655
1902-11-01,-0.896756,-0.11317899166666656
1902-12-01,-0.931468,-0.14789099166666653
1903-01-01,-0.815012,-0.03143499166666652
1903-02-01,-0.883591,-0.10001399166666658
1903-03-01,-0.850405,-0.06682799166666653
1903-04-01,-1.05616,-0.27258299166666655
1903-05-01,-0.86677,-0.0831929916666666
1903-06-01,-0.873419,-0.08984199166666651
1903-07-01,-0.91029,-0.1267129916666666
1903-08-01,-0.9777,-0.19412299166666658
1903-09-01,-1.004777,-0.2211999916666666
1903-10-01,-1.071136,-0.28755899166666665
1903-11-01,-0.935297,-0.1517199916666666
1903-12-01,-1.09858,-0.31500299166666645
1904-01-01,-1.211982,-0.42840499166666646
1904-02-01,-1.167813,-0.38423599166666655
1904-03-01,-0.978642,-0.19506499166666658
1904-04-01,-1.12096,-0.3373829916666665
1904-05-01,-1.040962,-0.2573849916666665
1904-06-01,-0.981493,-0.1979159916666665
1904-07-01,-0.962896,-0.17931899166666654
1904-08-01,-0.967391,-0.18381399166666657
1904-09-01,-1.025197,-0.24161999166666648
1904-10-01,-0.950099,-0.1665219916666666
1904-11-01,-0.813609,-0.03003199166666659
1904-12-01,-0.816415,-0.032837991666666566
1905-01-01,-0.895352,-0.1117749916666666
1905-02-01,-1.155744,-0.37216699166666667
1905-03-01,-0.920452,-0.1368749916666666
1905-04-01,-0.954614,-0.17103699166666653
1905-05-01,-0.808562,-0.024984991666666567
1905-06-01,-0.723824,0.05975300833333341
1905-07-01,-0.721631,0.06194600833333341
1905-08-01,-0.835871,-0.052293991666666595
1905-09-01,-0.900207,-0.11662999166666654
1905-10-01,-0.938308,-0.1547309916666666
1905-11-01,-0.817452,-0.03387499166666652
1905-12-01,-0.888034,-0.10445699166666655
1906-01-01,-0.965093,-0.18151599166666654
1906-02-01,-0.873138,-0.08956099166666653
1906-03-01,-0.867526,-0.08394899166666658
1906-04-01,-0.672855,0.11072200833333345
1906-05-01,-0.779724,0.003853008333333463
1906-06-01,-0.712958,0.07061900833333346
1906-07-01,-0.680589,0.10298800833333344
1906-08-01,-0.820453,-0.03687599166666655
1906-09-01,-0.819029,-0.03545199166666657
1906-10-01,-0.784508,-0.0009309916666665474
1906-11-01,-0.868409,-0.08483199166666655
1906-12-01,-0.62676,0.15681700833333345
1907-01-01,-0.952113,-0.16853599166666655
1907-02-01,-1.131505,-0.34792799166666655
1907-03-01,-0.953962,-0.17038499166666654
1907-04-01,-1.050631,-0.26705399166666666
1907-05-01,-1.021919,-0.23834199166666659
1907-06-01,-0.960064,-0.1764869916666666
1907-07-01,-0.841249,-0.05767199166666659
1907-08-01,-0.885154,-0.10157699166666656
1907-09-01,-0.891036,-0.10745899166666661
1907-10-01,-0.839094,-0.05551699166666657
1907-11-01,-0.986586,-0.20300899166666653
1907-12-01,-1.019973,-0.23639599166666658
1908-01-01,-1.084493,-0.3009159916666665
1908-02-01,-0.88494,-0.10136299166666651
1908-03-01,-1.155757,-0.3721799916666665
1908-04-01,-1.140949,-0.35737199166666656
1908-05-01,-0.941337,-0.15775999166666654
1908-06-01,-0.901626,-0.1180489916666666
1908-07-01,-0.860306,-0.07672899166666658
1908-08-01,-1.004843,-0.2212659916666665
1908-09-01,-0.96475,-0.18117299166666656
1908-10-01,-1.042451,-0.2588739916666666
1908-11-01,-1.026109,-0.2425319916666665
1908-12-01,-1.021201,-0.2376239916666666
1909-01-01,-1.221048,-0.4374709916666665
1909-02-01,-1.020642,-0.2370649916666666
1909-03-01,-1.130085,-0.34650799166666657
1909-04-01,-1.081069,-0.2974919916666666
1909-05-01,-0.97,-0.18642299166666654
1909-06-01,-0.977103,-0.19352599166666662
1909-07-01,-0.957391,-0.17381399166666656
1909-08-01,-0.900528,-0.11695099166666656
1909-09-01,-0.929873,-0.14629599166666651
1909-10-01,-0.91383,-0.1302529916666666
1909-11-01,-0.86708,-0.08350299166666653
1909-12-01,-0.983571,-0.19999399166666654
1910-01-01,-0.918832,-0.13525499166666655
1910-02-01,-1.019316,-0.23573899166666668
1910-03-01,-1.091977,-0.30839999166666654
1910-04-01,-1.017418,-0.2338409916666665
1910-05-01,-0.903973,-0.12039599166666659
1910-06-01,-0.886871,-0.10329399166666653
1910-07-01,-0.873148,-0.0895709916666666
1910-08-01,-0.848924,-0.06534699166666658
1910-09-01,-0.924496,-0.14091899166666655
1910-10-01,-0.976358,-0.1927809916666665
1910-11-01,-0.952523,-0.16894599166666657
1910-12-01,-1.105255,-0.32167799166666666
1911-01-01,-1.133116,-0.3495389916666666
1911-02-01,-1.228014,-0.4444369916666665
1911-03-01,-1.254458,-0.47088099166666664
1911-04-01,-1.001401,-0.21782399166666655
1911-05-01,-1.018523,-0.23494599166666663
1911-06-01,-0.990041,-0.2064639916666665
1911-07-01,-0.937336,-0.1537589916666665
1911-08-01,-0.940278,-0.1567009916666665
1911-09-01,-0.919003,-0.13542599166666658
1911-10-01,-0.81164,-0.028062991666666592
1911-11-01,-0.792007,-0.00842999166666658
1911-12-01,-0.779926,0.0036510083333334276
1912-01-01,-0.883817,-0.10023999166666653
1912-02-01,-0.850168,-0.0665909916666666
1912-03-01,-1.039623,-0.25604599166666653
1912-04-01,-0.821802,-0.0382249916666666
1912-05-01,-0.794639,-0.011061991666666549
1912-06-01,-0.790503,-0.00692599166666652
1912-07-01,-0.906946,-0.1233689916666666
1912-08-01,-1.022615,-0.23903799166666662
1912-09-01,-1.021078,-0.2375009916666665
1912-10-01,-1.144259,-0.3606819916666665
1912-11-01,-0.850918,-0.06734099166666652
1912-12-01,-0.880107,-0.09652999166666654
1913-01-01,-0.966461,-0.18288399166666658
1913-02-01,-0.963603,-0.18002599166666655
1913-03-01,-1.078361,-0.29478399166666647
1913-04-01,-0.990761,-0.20718399166666657
1913-05-01,-0.953366,-0.1697889916666666
1913-06-01,-0.906512,-0.12293499166666655
1913-07-01,-0.840287,-0.05670999166666657
1913-08-01,-0.809482,-0.0259049916666666
1913-09-01,-0.910026,-0.12644899166666657
1913-10-01,-0.899781,-0.11620399166666662
1913-11-01,-0.809894,-0.026316991666666567
1913-12-01,-0.598383,0.18519400833333344
1914-01-01,-0.669922,0.11365500833333342
1914-02-01,-0.743786,0.03979100833333349
1914-03-01,-0.889764,-0.10618699166666656
1914-04-01,-0.797898,-0.01432099166666656
1914-05-01,-0.728063,0.05551400833333342
1914-06-01,-0.729177,0.05440000833333347
1914-07-01,-0.791528,-0.007950991666666574
1914-08-01,-0.793278,-0.009700991666666603
1914-09-01,-0.799771,-0.016193991666666574
1914-10-01,-0.639951,0.1436260083333334
1914-11-01,-0.593162,0.19041500833333347
1914-12-01,-0.613392,0.1701850083333334
1915-01-01,-0.795084,-0.011506991666666577
1915-02-01,-0.774587,0.00899000833333341
1915-03-01,-0.689137,0.09444000833333344
1915-04-01,-0.552663,0.23091400833333342
1915-05-01,-0.60592,0.17765700833333342
1915-06-01,-0.668573,0.11500400833333346
1915-07-01,-0.567247,0.2163300083333335
1915-08-01,-0.626033,0.15754400833333349
1915-09-01,-0.686882,0.09669500833333344
1915-10-01,-0.784014,-0.000436991666666553
1915-11-01,-0.637953,0.14562400833333344
1915-12-01,-0.829897,-0.04631999166666656
1916-01-01,-0.769039,0.014538008333333408
1916-02-01,-0.860535,-0.07695799166666661
1916-03-01,-0.922113,-0.13853599166666652
1916-04-01,-0.795515,-0.011937991666666536
1916-05-01,-0.79276,-0.009182991666666585
1916-06-01,-0.82444,-0.040862991666666515
1916-07-01,-0.872638,-0.08906099166666659
1916-08-01,-0.819231,-0.03565399166666661
1916-09-01,-0.865823,-0.08224599166666657
1916-10-01,-0.929149,-0.14557199166666657
1916-11-01,-1.107512,-0.3239349916666666
1916-12-01,-1.239793,-0.4562159916666665
1917-01-01,-1.109121,-0.3255439916666666
1917-02-01,-1.235565,-0.4519879916666666
1917-03-01,-1.338738,-0.5551609916666665
1917-04-01,-1.048011,-0.2644339916666666
1917-05-01,-1.102394,-0.31881699166666666
1917-06-01,-0.940656,-0.1570789916666666
1917-07-01,-0.713466,0.07011100833333339
1917-08-01,-0.840384,-0.056806991666666584
1917-09-01,-0.820576,-0.036998991666666536
1917-10-01,-1.039057,-0.25547999166666646
1917-11-01,-1.002274,-0.21869699166666667
1917-12-01,-1.197196,-0.4136189916666665
1918-01-01,-1.115918,-0.33234099166666653
1918-02-01,-1.143006,-0.35942899166666653
1918-03-01,-1.015,-0.23142299166666647
1918-04-01,-1.108674,-0.3250969916666665
1918-05-01,-0.991406,-0.20782899166666657
1918-06-01,-0.987491,-0.20391399166666657
1918-07-01,-0.815761,-0.03218399166666652
1918-08-01,-0.931761,-0.14818399166666651
1918-09-01,-0.780994,0.0025830083333334697
1918-10-01,-0.737285,0.04629200833333347
1918-11-01,-0.799142,-0.015564991666666583
1918-12-01,-0.838962,-0.05538499166666655
1919-01-01,-0.702443,0.0811340083333334
1919-02-01,-0.887235,-0.10365799166666656
1919-03-01,-0.960909,-0.17733199166666658
1919-04-01,-0.639778,0.14379900833333348
1919-05-01,-0.759516,0.024061008333333467
1919-06-01,-0.80445,-0.020872991666666563
1919-07-01,-0.803591,-0.02001399166666662
1919-08-01,-0.850565,-0.06698799166666658
1919-09-01,-0.737247,0.04633000833333345
1919-10-01,-0.863302,-0.07972499166666658
1919-11-01,-0.878234,-0.09465699166666652
1919-12-01,-0.855474,-0.07189699166666652
1920-01-01,-0.654701,0.12887600833333346
1920-02-01,-0.858798,-0.07522099166666651
1920-03-01,-0.72361,0.05996700833333346
1920-04-01,-0.888889,-0.1053119916666666
1920-05-01,-0.697843,0.08573400833333344
1920-06-01,-0.745015,0.03856200833333345
1920-07-01,-0.797142,-0.013564991666666582
1920-08-01,-0.799798,-0.016220991666666573
1920-09-01,-0.768427,0.015150008333333465
1920-10-01,-0.773458,0.010119008333333457
1920-11-01,-0.850968,-0.06739099166666651
1920-12-01,-0.981382,-0.19780499166666654
1921-01-01,-0.706735,0.07684200833333343
1921-02-01,-0.891795,-0.10821799166666657
1921-03-01,-0.906239,-0.12266199166666658
1921-04-01,-0.853435,-0.06985799166666662
1921-05-01,-0.756845,0.026732008333333446
1921-06-01,-0.717598,0.06597900833333348
1921-07-01,-0.678349,0.10522800833333346
1921-08-01,-0.783603,-2.599166666661379e-5
1921-09-01,-0.78481,-0.001232991666666572
1921-10-01,-0.713401,0.07017600833333348
1921-11-01,-0.704299,0.07927800833333343
1921-12-01,-0.702298,0.08127900833333346
1922-01-01,-0.860578,-0.07700099166666652
1922-02-01,-1.02924,-0.2456629916666665
1922-03-01,-0.827918,-0.04434099166666661
1922-04-01,-0.781135,0.002442008333333412
1922-05-01,-0.894862,-0.11128499166666661
1922-06-01,-0.862377,-0.07879999166666651
1922-07-01,-0.829805,-0.04622799166666658
1922-08-01,-0.910108,-0.1265309916666666
1922-09-01,-0.857352,-0.07377499166666657
1922-10-01,-0.868472,-0.08489499166666659
1922-11-01,-0.666419,0.11715800833333345
1922-12-01,-0.692146,0.0914310083333334
1923-01-01,-0.856998,-0.0734209916666666
1923-02-01,-0.92915,-0.1455729916666666
1923-03-01,-1.036304,-0.25272699166666646
1923-04-01,-0.90774,-0.12416299166666656
1923-05-01,-0.848444,-0.06486699166666654
1923-06-01,-0.749968,0.03360900833333347
1923-07-01,-0.893031,-0.10945399166666658
1923-08-01,-0.921581,-0.13800399166666655
1923-09-01,-0.878457,-0.09487999166666661
1923-10-01,-0.775234,0.008343008333333457
1923-11-01,-0.602489,0.18108800833333338
1923-12-01,-0.614009,0.1695680083333334
1924-01-01,-0.812341,-0.028763991666666544
1924-02-01,-0.83333,-0.04975299166666658
1924-03-01,-0.76408,0.019497008333333454
1924-04-01,-0.818867,-0.035289991666666576
1924-05-01,-0.743715,0.03986200833333342
1924-06-01,-0.77661,0.006967008333333413
1924-07-01,-0.86199,-0.0784129916666666
1924-08-01,-0.869299,-0.08572199166666661
1924-09-01,-0.869062,-0.08548499166666657
1924-10-01,-0.861301,-0.07772399166666655
1924-11-01,-0.809509,-0.0259319916666666
1924-12-01,-0.894897,-0.11131999166666662
1925-01-01,-1.035203,-0.25162599166666666
1925-02-01,-0.950796,-0.16721899166666654
1925-03-01,-0.905834,-0.12225699166666659
1925-04-01,-0.787329,-0.00375199166666651
1925-05-01,-0.796516,-0.012938991666666566
1925-06-01,-0.808195,-0.02461799166666656
1925-07-01,-0.771385,0.012192008333333448
1925-08-01,-0.778673,0.004904008333333487
1925-09-01,-0.814122,-0.030544991666666577
1925-10-01,-0.732055,0.051522008333333424
1925-11-01,-0.639789,0.14378800833333338
1925-12-01,-0.561788,0.22178900833333348
1926-01-01,-0.462637,0.3209400083333334
1926-02-01,-0.64869,0.13488700833333345
1926-03-01,-0.544898,0.23867900833333344
1926-04-01,-0.646662,0.13691500833333348
1926-05-01,-0.79939,-0.01581299166666661
1926-06-01,-0.710456,0.07312100833333346
1926-07-01,-0.808273,-0.024695991666666584
1926-08-01,-0.730052,0.0535250083333334
1926-09-01,-0.724177,0.059400008333333476
1926-10-01,-0.58771,0.19586700833333348
1926-11-01,-0.702481,0.08109600833333341
1926-12-01,-0.838612,-0.05503499166666659
1927-01-01,-0.862278,-0.07870099166666655
1927-02-01,-0.77167,0.011907008333333469
1927-03-01,-1.035191,-0.25161399166666654
1927-04-01,-0.917014,-0.13343699166666656
1927-05-01,-0.788809,-0.005231991666666547
1927-06-01,-0.743735,0.0398420083333334
1927-07-01,-0.734036,0.049541008333333414
1927-08-01,-0.635976,0.14760100833333345
1927-09-01,-0.69926,0.08431700833333344
1927-10-01,-0.591593,0.1919840083333334
1927-11-01,-0.65169,0.13188700833333344
1927-12-01,-0.913488,-0.12991099166666653
1928-01-01,-0.690254,0.0933230083333334
1928-02-01,-0.754325,0.029252008333333412
1928-03-01,-0.881039,-0.09746199166666658
1928-04-01,-0.855362,-0.07178499166666652
1928-05-01,-0.788414,-0.0048369916666665125
1928-06-01,-0.765074,0.018503008333333404
1928-07-01,-0.756663,0.02691400833333346
1928-08-01,-0.812596,-0.02901899166666655
1928-09-01,-0.712778,0.07079900833333341
1928-10-01,-0.76571,0.017867008333333434
1928-11-01,-0.68148,0.10209700833333346
1928-12-01,-0.711648,0.07192900833333349
1929-01-01,-0.968942,-0.18536499166666653
1929-02-01,-1.077707,-0.29412999166666653
1929-03-01,-0.93948,-0.15590299166666655
1929-04-01,-0.993764,-0.21018699166666654
1929-05-01,-0.918641,-0.1350639916666666
1929-06-01,-0.94904,-0.16546299166666656
1929-07-01,-0.966,-0.18242299166666653
1929-08-01,-0.762655,0.020922008333333464
1929-09-01,-0.805871,-0.02229399166666657
1929-10-01,-0.763023,0.02055400833333343
1929-11-01,-0.745431,0.03814600833333348
1929-12-01,-1.048888,-0.2653109916666666
1930-01-01,-0.863789,-0.0802119916666666
1930-02-01,-0.856329,-0.07275199166666657
1930-03-01,-0.814639,-0.031061991666666566
1930-04-01,-0.760413,0.02316400833333343
1930-05-01,-0.74446,0.039117008333333425
1930-06-01,-0.722154,0.06142300833333347
1930-07-01,-0.629084,0.15449300833333346
1930-08-01,-0.728928,0.054649008333333415
1930-09-01,-0.731697,0.051880008333333394
1930-10-01,-0.689766,0.09381100833333345
1930-11-01,-0.432547,0.3510300083333334
1930-12-01,-0.606149,0.1774280083333334
1931-01-01,-0.634392,0.14918500833333348
1931-02-01,-0.80112,-0.01754299166666662
1931-03-01,-0.754035,0.029542008333333425
1931-04-01,-0.778756,0.004821008333333432
1931-05-01,-0.73059,0.052987008333333474
1931-06-01,-0.60569,0.17788700833333349
1931-07-01,-0.591232,0.19234500833333346
1931-08-01,-0.583191,0.20038600833333342
1931-09-01,-0.589035,0.19454200833333346
1931-10-01,-0.594012,0.18956500833333345
1931-11-01,-0.623893,0.1596840083333334
1931-12-01,-0.616678,0.1668990083333335
1932-01-01,-0.493747,0.28983000833333344
1932-02-01,-0.847014,-0.06343699166666661
1932-03-01,-0.762315,0.02126200833333347
1932-04-01,-0.672359,0.1112180083333334
1932-05-01,-0.70737,0.07620700833333338
1932-06-01,-0.704063,0.07951400833333344
1932-07-01,-0.722812,0.060765008333333426
1932-08-01,-0.847541,-0.06396399166666655
1932-09-01,-0.607226,0.1763510083333334
1932-10-01,-0.681311,0.10226600833333344
1932-11-01,-0.847339,-0.06376199166666652
1932-12-01,-0.752539,0.031038008333333478
1933-01-01,-0.748122,0.03545500833333348
1933-02-01,-0.918987,-0.13540999166666656
1933-03-01,-0.876227,-0.09264999166666654
1933-04-01,-0.80773,-0.024152991666666512
1933-05-01,-0.804963,-0.02138599166666655
1933-06-01,-0.797216,-0.0136389916666666
1933-07-01,-0.836665,-0.053087991666666556
1933-08-01,-0.788387,-0.004809991666666513
1933-09-01,-0.940844,-0.15726699166666658
1933-10-01,-0.806069,-0.0224919916666666
1933-11-01,-0.894467,-0.11088999166666658
1933-12-01,-0.973554,-0.1899769916666666
1934-01-01,-0.850641,-0.06706399166666654
1934-02-01,-0.714872,0.06870500833333348
1934-03-01,-0.911003,-0.12742599166666657
1934-04-01,-0.843017,-0.05943999166666658
1934-05-01,-0.646613,0.13696400833333344
1934-06-01,-0.687831,0.09574600833333347
1934-07-01,-0.688218,0.09535900833333344
1934-08-01,-0.700272,0.08330500833333343
1934-09-01,-0.668672,0.11490500833333339
1934-10-01,-0.628431,0.15514600833333347
1934-11-01,-0.547993,0.23558400833333348
1934-12-01,-0.636256,0.1473210083333334
1935-01-01,-0.870323,-0.08674599166666652
1935-02-01,-0.493739,0.28983800833333345
1935-03-01,-0.810731,-0.027153991666666544
1935-04-01,-0.954562,-0.17098499166666659
1935-05-01,-0.818887,-0.035309991666666596
1935-06-01,-0.813382,-0.029804991666666614
1935-07-01,-0.662278,0.1212990083333334
1935-08-01,-0.686156,0.09742100833333345
1935-09-01,-0.673562,0.11001500833333344
1935-10-01,-0.650519,0.13305800833333348
1935-11-01,-0.768127,0.015450008333333431
1935-12-01,-0.690976,0.0926010083333334
1936-01-01,-0.897194,-0.11361699166666661
1936-02-01,-0.894344,-0.11076699166666659
1936-03-01,-0.850141,-0.0665639916666666
1936-04-01,-0.738848,0.044729008333333486
1936-05-01,-0.715134,0.06844300833333339
1936-06-01,-0.712808,0.07076900833333344
1936-07-01,-0.584756,0.19882100833333338
1936-08-01,-0.55293,0.2306470083333334
1936-09-01,-0.681257,0.10232000833333343
1936-10-01,-0.577658,0.20591900833333343
1936-11-01,-0.642975,0.14060200833333347
1936-12-01,-0.594487,0.18909000833333345
1937-01-01,-0.662757,0.1208200083333334
1937-02-01,-0.588717,0.1948600083333334
1937-03-01,-0.838884,-0.05530699166666653
1937-04-01,-0.776555,0.00702200833333344
1937-05-01,-0.628673,0.1549040083333334
1937-06-01,-0.611841,0.17173600833333347
1937-07-01,-0.574081,0.20949600833333348
1937-08-01,-0.530698,0.25287900833333343
1937-09-01,-0.481921,0.30165600833333345
1937-10-01,-0.498315,0.28526200833333343
1937-11-01,-0.512152,0.2714250083333334
1937-12-01,-0.658968,0.12460900833333344
1938-01-01,-0.578589,0.20498800833333342
1938-02-01,-0.594294,0.18928300833333345
1938-03-01,-0.566346,0.21723100833333342
1938-04-01,-0.546384,0.23719300833333345
1938-05-01,-0.650781,0.13279600833333338
1938-06-01,-0.740395,0.04318200833333341
1938-07-01,-0.597052,0.1865250083333334
1938-08-01,-0.61666,0.16691700833333345
1938-09-01,-0.532741,0.2508360083333334
1938-10-01,-0.495587,0.28799000833333344
1938-11-01,-0.522428,0.26114900833333343
1938-12-01,-0.732538,0.05103900833333341
1939-01-01,-0.642535,0.14104200833333347
1939-02-01,-0.700202,0.08337500833333344
1939-03-01,-0.89586,-0.11228299166666655
1939-04-01,-0.766849,0.016728008333333433
1939-05-01,-0.620385,0.16319200833333347
1939-06-01,-0.596746,0.18683100833333344
1939-07-01,-0.493579,0.28999800833333345
1939-08-01,-0.522867,0.26071000833333347
1939-09-01,-0.533075,0.25050200833333347
1939-10-01,-0.637727,0.1458500083333334
1939-11-01,-0.506023,0.27755400833333344
1939-12-01,-0.157777,0.6258000083333335
1940-01-01,-0.523382,0.2601950083333334
1940-02-01,-0.452528,0.33104900833333345
1940-03-01,-0.591015,0.19256200833333348
1940-04-01,-0.371591,0.41198600833333343
1940-05-01,-0.397446,0.3861310083333334
1940-06-01,-0.535857,0.2477200083333334
1940-07-01,-0.489874,0.29370300833333346
1940-08-01,-0.512403,0.2711740083333334
1940-09-01,-0.428943,0.3546340083333334
1940-10-01,-0.415582,0.36799500833333343
1940-11-01,-0.428774,0.35480300833333345
1940-12-01,-0.298867,0.48471000833333344
1941-01-01,-0.478589,0.30498800833333345
1941-02-01,-0.36732,0.41625700833333346
1941-03-01,-0.560722,0.22285500833333338
1941-04-01,-0.385385,0.39819200833333346
1941-05-01,-0.409696,0.37388100833333343
1941-06-01,-0.391793,0.39178400833333343
1941-07-01,-0.351891,0.4316860083333334
1941-08-01,-0.38936,0.39421700833333345
1941-09-01,-0.507999,0.27557800833333346
1941-10-01,-0.273499,0.5100780083333334
1941-11-01,-0.415686,0.36789100833333344
1941-12-01,-0.262354,0.5212230083333335
1942-01-01,-0.310408,0.4731690083333334
1942-02-01,-0.681597,0.10198000833333343
1942-03-01,-0.586043,0.19753400833333346
1942-04-01,-0.563558,0.22001900833333343
1942-05-01,-0.475482,0.3080950083333334
1942-06-01,-0.48891,0.2946670083333334
1942-07-01,-0.579638,0.20393900833333345
1942-08-01,-0.551983,0.23159400833333343
1942-09-01,-0.521068,0.26250900833333346
1942-10-01,-0.576524,0.2070530083333334
1942-11-01,-0.544184,0.23939300833333343
1942-12-01,-0.520329,0.2632480083333334
1943-01-01,-0.673355,0.1102220083333334
1943-02-01,-0.575077,0.2085000083333335
1943-03-01,-0.675843,0.10773400833333346
1943-04-01,-0.473938,0.3096390083333334
1943-05-01,-0.540328,0.2432490083333334
1943-06-01,-0.672593,0.11098400833333344
1943-07-01,-0.485249,0.29832800833333345
1943-08-01,-0.503091,0.2804860083333335
1943-09-01,-0.57844,0.20513700833333348
1943-10-01,-0.334482,0.44909500833333343
1943-11-01,-0.426014,0.35756300833333343
1943-12-01,-0.368026,0.4155510083333334
1944-01-01,-0.308991,0.4745860083333334
1944-02-01,-0.367295,0.41628200833333345
1944-03-01,-0.402522,0.38105500833333344
1944-04-01,-0.473292,0.31028500833333345
1944-05-01,-0.40252,0.38105700833333345
1944-06-01,-0.408927,0.37465000833333345
1944-07-01,-0.457094,0.32648300833333344
1944-08-01,-0.455675,0.32790200833333344
1944-09-01,-0.336687,0.4468900083333334
1944-10-01,-0.365126,0.41845100833333343
1944-11-01,-0.476884,0.30669300833333346
1944-12-01,-0.368248,0.4153290083333334
1945-01-01,-0.443803,0.33977400833333343
1945-02-01,-0.529132,0.2544450083333334
1945-03-01,-0.528657,0.2549200083333334
1945-04-01,-0.321678,0.4618990083333334
1945-05-01,-0.489196,0.2943810083333334
1945-06-01,-0.461327,0.32225000833333345
1945-07-01,-0.567848,0.21572900833333342
1945-08-01,-0.277875,0.5057020083333335
1945-09-01,-0.468347,0.3152300083333334
1945-10-01,-0.452802,0.33077500833333345
1945-11-01,-0.52397,0.2596070083333334
1945-12-01,-0.649681,0.13389600833333348
1946-01-01,-0.365494,0.41808300833333345
1946-02-01,-0.625798,0.15777900833333347
1946-03-01,-0.701226,0.08235100833333342
1946-04-01,-0.568501,0.2150760083333334
1946-05-01,-0.597379,0.18619800833333344
1946-06-01,-0.709408,0.0741690083333334
1946-07-01,-0.594183,0.18939400833333342
1946-08-01,-0.707226,0.07635100833333341
1946-09-01,-0.529076,0.25450100833333344
1946-10-01,-0.624849,0.15872800833333345
1946-11-01,-0.596328,0.18724900833333347
1946-12-01,-0.758734,0.024843008333333416
1947-01-01,-0.585576,0.19800100833333345
1947-02-01,-0.64454,0.13903700833333343
1947-03-01,-0.632251,0.15132600833333343
1947-04-01,-0.545761,0.23781600833333338
1947-05-01,-0.589758,0.19381900833333343
1947-06-01,-0.601503,0.18207400833333343
1947-07-01,-0.540828,0.24274900833333346
1947-08-01,-0.672751,0.11082600833333345
1947-09-01,-0.686898,0.09667900833333343
1947-10-01,-0.577706,0.20587100833333338
1947-11-01,-0.580753,0.20282400833333347
1947-12-01,-0.687198,0.09637900833333346
1948-01-01,-0.583022,0.2005550083333334
1948-02-01,-0.719973,0.06360400833333346
1948-03-01,-0.799225,-0.015647991666666528
1948-04-01,-0.671204,0.11237300833333341
1948-05-01,-0.448655,0.3349220083333334
1948-06-01,-0.650156,0.13342100833333348
1948-07-01,-0.568126,0.21545100833333342
1948-08-01,-0.571088,0.2124890083333334
1948-09-01,-0.677557,0.10602000833333347
1948-10-01,-0.588899,0.19467800833333349
1948-11-01,-0.643567,0.14001000833333344
1948-12-01,-0.839518,-0.05594099166666655
1949-01-01,-0.513333,0.2702440083333334
1949-02-01,-0.73681,0.04676700833333347
1949-03-01,-0.6578,0.12577700833333338
1949-04-01,-0.670349,0.11322800833333346
1949-05-01,-0.574416,0.2091610083333334
1949-06-01,-0.713254,0.07032300833333338
1949-07-01,-0.640063,0.1435140083333334
1949-08-01,-0.621989,0.16158800833333342
1949-09-01,-0.730527,0.0530500083333334
1949-10-01,-0.651556,0.1320210083333334
1949-11-01,-0.685229,0.09834800833333346
1949-12-01,-0.637205,0.14637200833333341
1950-01-01,-0.780192,0.003385008333333439
1950-02-01,-0.873197,-0.08961999166666657
1950-03-01,-0.691073,0.09250400833333339
1950-04-01,-0.79911,-0.015532991666666551
1950-05-01,-0.594861,0.18871600833333346
1950-06-01,-0.650432,0.13314500833333343
1950-07-01,-0.626031,0.15754600833333343
1950-08-01,-0.700461,0.08311600833333344
1950-09-01,-0.676495,0.10708200833333348
1950-10-01,-0.774146,0.009431008333333435
1950-11-01,-0.894964,-0.11138699166666655
1950-12-01,-0.782015,0.00156200833333342
1951-01-01,-0.922753,-0.1391759916666666
1951-02-01,-1.01709,-0.23351299166666661
1951-03-01,-0.790907,-0.007329991666666591
1951-04-01,-0.739044,0.0445330083333334
1951-05-01,-0.546596,0.23698100833333346
1951-06-01,-0.543208,0.2403690083333334
1951-07-01,-0.554833,0.22874400833333342
1951-08-01,-0.454404,0.32917300833333346
1951-09-01,-0.459384,0.3241930083333334
1951-10-01,-0.443039,0.3405380083333334
1951-11-01,-0.613755,0.16982200833333339
1951-12-01,-0.403718,0.3798590083333334
1952-01-01,-0.47346,0.31011700833333344
1952-02-01,-0.508398,0.2751790083333334
1952-03-01,-0.697564,0.08601300833333347
1952-04-01,-0.531678,0.25189900833333345
1952-05-01,-0.567389,0.2161880083333334
1952-06-01,-0.580984,0.2025930083333335
1952-07-01,-0.534256,0.24932100833333348
1952-08-01,-0.539864,0.24371300833333343
1952-09-01,-0.528892,0.2546850083333334
1952-10-01,-0.573783,0.2097940083333334
1952-11-01,-0.666696,0.11688100833333348
1952-12-01,-0.565746,0.21783100833333346
1953-01-01,-0.50355,0.2800270083333334
1953-02-01,-0.445832,0.33774500833333343
1953-03-01,-0.509202,0.2743750083333334
1953-04-01,-0.396527,0.3870500083333334
1953-05-01,-0.420676,0.36290100833333344
1953-06-01,-0.459395,0.32418200833333344
1953-07-01,-0.563112,0.2204650083333335
1953-08-01,-0.571933,0.2116440083333334
1953-09-01,-0.587436,0.19614100833333348
1953-10-01,-0.521272,0.2623050083333335
1953-11-01,-0.600924,0.18265300833333342
1953-12-01,-0.504633,0.27894400833333344
1954-01-01,-0.747299,0.03627800833333339
1954-02-01,-0.646903,0.13667400833333343
1954-03-01,-0.752149,0.03142800833333348
1954-04-01,-0.776276,0.00730100833333347
1954-05-01,-0.73919,0.04438700833333342
1954-06-01,-0.669351,0.1142260083333334
1954-07-01,-0.686499,0.09707800833333347
1954-08-01,-0.669287,0.11429000833333347
1954-09-01,-0.703829,0.0797480083333334
1954-10-01,-0.605033,0.1785440083333334
1954-11-01,-0.534281,0.24929600833333343
1954-12-01,-0.677016,0.10656100833333348
1955-01-01,-0.437584,0.34599300833333346
1955-02-01,-0.813828,-0.03025099166666656
1955-03-01,-0.920156,-0.13657899166666654
1955-04-01,-0.805289,-0.021711991666666597
1955-05-01,-0.756034,0.027543008333333452
1955-06-01,-0.703255,0.08032200833333347
1955-07-01,-0.71064,0.07293700833333339
1955-08-01,-0.542551,0.24102600833333343
1955-09-01,-0.710558,0.07301900833333341
1955-10-01,-0.67853,0.10504700833333347
1955-11-01,-0.871985,-0.08840799166666657
1955-12-01,-0.891916,-0.1083389916666666
1956-01-01,-0.714737,0.06884000833333348
1956-02-01,-0.797041,-0.013463991666666564
1956-03-01,-0.819034,-0.035456991666666604
1956-04-01,-0.855982,-0.07240499166666658
1956-05-01,-0.834616,-0.05103899166666659
1956-06-01,-0.738856,0.04472100833333348
1956-07-01,-0.691403,0.09217400833333345
1956-08-01,-0.843942,-0.060364991666666534
1956-09-01,-0.799564,-0.015986991666666617
1956-10-01,-0.849705,-0.06612799166666661
1956-11-01,-0.743635,0.03994200833333339
1956-12-01,-0.612499,0.17107800833333342
1957-01-01,-0.651918,0.13165900833333344
1957-02-01,-0.701277,0.0823000083333334
1957-03-01,-0.745636,0.03794100833333347
1957-04-01,-0.583794,0.1997830083333334
1957-05-01,-0.493752,0.2898250083333334
1957-06-01,-0.459067,0.32451000833333343
1957-07-01,-0.516655,0.26692200833333346
1957-08-01,-0.454876,0.32870100833333343
1957-09-01,-0.496325,0.2872520083333334
1957-10-01,-0.520058,0.2635190083333334
1957-11-01,-0.552203,0.23137400833333344
1957-12-01,-0.456142,0.32743500833333344
1958-01-01,-0.255517,0.5280600083333334
1958-02-01,-0.448012,0.3355650083333334
1958-03-01,-0.52549,0.2580870083333334
1958-04-01,-0.563387,0.22019000833333346
1958-05-01,-0.496008,0.28756900833333343
1958-06-01,-0.575779,0.2077980083333334
1958-07-01,-0.487278,0.29629900833333345
1958-08-01,-0.582074,0.20150300833333346
1958-09-01,-0.63963,0.1439470083333334
1958-10-01,-0.580791,0.2027860083333335
1958-11-01,-0.611134,0.17244300833333348
1958-12-01,-0.489777,0.2938000083333334
1959-01-01,-0.490642,0.2929350083333334
1959-02-01,-0.538921,0.24465600833333345
1959-03-01,-0.452063,0.33151400833333344
1959-04-01,-0.467561,0.31601600833333343
1959-05-01,-0.486879,0.29669800833333343
1959-06-01,-0.497266,0.28631100833333345
1959-07-01,-0.521625,0.26195200833333343
1959-08-01,-0.537281,0.24629600833333343
1959-09-01,-0.58604,0.19753700833333343
1959-10-01,-0.598794,0.1847830083333334
1959-11-01,-0.640091,0.14348600833333347
1959-12-01,-0.535678,0.24789900833333345
1960-01-01,-0.597988,0.18558900833333347
1960-02-01,-0.485387,0.2981900083333334
1960-03-01,-0.905795,-0.12221799166666658
1960-04-01,-0.744013,0.0395640083333334
1960-05-01,-0.682951,0.10062600833333346
1960-06-01,-0.61576,0.16781700833333346
1960-07-01,-0.553649,0.2299280083333335
1960-08-01,-0.578765,0.20481200833333346
1960-09-01,-0.552238,0.23133900833333343
1960-10-01,-0.58085,0.20272700833333346
1960-11-01,-0.73506,0.04851700833333339
1960-12-01,-0.382795,0.40078200833333344
1961-01-01,-0.514213,0.2693640083333334
1961-02-01,-0.478979,0.30459800833333345
1961-03-01,-0.565267,0.21831000833333347
1961-04-01,-0.476253,0.30732400833333345
1961-05-01,-0.435044,0.34853300833333345
1961-06-01,-0.450094,0.33348300833333344
1961-07-01,-0.511097,0.2724800083333334
1961-08-01,-0.536609,0.24696800833333343
1961-09-01,-0.555574,0.22800300833333342
1961-10-01,-0.592394,0.19118300833333346
1961-11-01,-0.563622,0.21995500833333348
1961-12-01,-0.707396,0.07618100833333341
1962-01-01,-0.548882,0.23469500833333345
1962-02-01,-0.478982,0.3045950083333334
1962-03-01,-0.513736,0.26984100833333347
1962-04-01,-0.554732,0.22884500833333343
1962-05-01,-0.646918,0.13665900833333344
1962-06-01,-0.59066,0.19291700833333347
1962-07-01,-0.57661,0.20696700833333348
1962-08-01,-0.621334,0.16224300833333338
1962-09-01,-0.630237,0.1533400083333334
1962-10-01,-0.577659,0.2059180083333334
1962-11-01,-0.490825,0.2927520083333334
1962-12-01,-0.580269,0.2033080083333334
1963-01-01,-0.622437,0.16114000833333342
1963-02-01,-0.462896,0.32068100833333346
1963-03-01,-0.778803,0.004774008333333413
1963-04-01,-0.662364,0.12121300833333348
1963-05-01,-0.597088,0.18648900833333348
1963-06-01,-0.573145,0.21043200833333342
1963-07-01,-0.514872,0.26870500833333344
1963-08-01,-0.433964,0.3496130083333334
1963-09-01,-0.443159,0.3404180083333334
1963-10-01,-0.466462,0.31711500833333345
1963-11-01,-0.512591,0.2709860083333334
1963-12-01,-0.541899,0.24167800833333342
1964-01-01,-0.673388,0.11018900833333345
1964-02-01,-0.725212,0.05836500833333347
1964-03-01,-0.872034,-0.08845699166666654
1964-04-01,-0.885397,-0.10181999166666655
1964-05-01,-0.793333,-0.00975599166666652
1964-06-01,-0.638934,0.14464300833333343
1964-07-01,-0.666881,0.11669600833333349
1964-08-01,-0.759515,0.024062008333333385
1964-09-01,-0.886488,-0.10291099166666662
1964-10-01,-0.861574,-0.07799699166666652
1964-11-01,-0.859753,-0.07617599166666655
1964-12-01,-0.845657,-0.062079991666666556
1965-01-01,-0.694752,0.0888250083333334
1965-02-01,-0.804784,-0.02120699166666662
1965-03-01,-0.801863,-0.018285991666666557
1965-04-01,-0.804447,-0.020869991666666587
1965-05-01,-0.678379,0.10519800833333348
1965-06-01,-0.673327,0.11025000833333343
1965-07-01,-0.68345,0.10012700833333343
1965-08-01,-0.644812,0.13876500833333338
1965-09-01,-0.693832,0.08974500833333343
1965-10-01,-0.593305,0.19027200833333346
1965-11-01,-0.6042,0.17937700833333348
1965-12-01,-0.617015,0.16656200833333346
1966-01-01,-0.76286,0.020717008333333453
1966-02-01,-0.681213,0.10236400833333348
1966-03-01,-0.693599,0.08997800833333347
1966-04-01,-0.704406,0.07917100833333346
1966-05-01,-0.653206,0.13037100833333348
1966-06-01,-0.554446,0.22913100833333344
1966-07-01,-0.459448,0.3241290083333334
1966-08-01,-0.610232,0.17334500833333344
1966-09-01,-0.601898,0.1816790083333334
1966-10-01,-0.758844,0.024733008333333473
1966-11-01,-0.637739,0.1458380083333335
1966-12-01,-0.622591,0.16098600833333343
1967-01-01,-0.735454,0.048123008333333384
1967-02-01,-0.847668,-0.06409099166666654
1967-03-01,-0.613024,0.17055300833333342
1967-04-01,-0.639172,0.14440500833333347
1967-05-01,-0.400581,0.3829960083333334
1967-06-01,-0.61282,0.1707570083333334
1967-07-01,-0.583982,0.19959500833333343
1967-08-01,-0.603414,0.18016300833333343
1967-09-01,-0.590744,0.1928330083333334
1967-10-01,-0.50148,0.2820970083333334
1967-11-01,-0.654988,0.12858900833333342
1967-12-01,-0.590599,0.19297800833333345
1968-01-01,-0.793746,-0.010168991666666516
1968-02-01,-0.784768,-0.0011909916666665854
1968-03-01,-0.497423,0.28615400833333343
1968-04-01,-0.672161,0.11141600833333343
1968-05-01,-0.657277,0.12630000833333344
1968-06-01,-0.591668,0.19190900833333346
1968-07-01,-0.644401,0.13917600833333343
1968-08-01,-0.592919,0.19065800833333346
1968-09-01,-0.692433,0.09114400833333347
1968-10-01,-0.549718,0.2338590083333334
1968-11-01,-0.720631,0.06294600833333341
1968-12-01,-0.702155,0.08142200833333346
1969-01-01,-0.694274,0.08930300833333349
1969-02-01,-0.720093,0.06348400833333345
1969-03-01,-0.62202,0.16155700833333342
1969-04-01,-0.463037,0.32054000833333346
1969-05-01,-0.380561,0.40301600833333345
1969-06-01,-0.48269,0.30088700833333343
1969-07-01,-0.560179,0.22339800833333345
1969-08-01,-0.544327,0.23925000833333343
1969-09-01,-0.505945,0.27763200833333346
1969-10-01,-0.474539,0.30903800833333345
1969-11-01,-0.46058,0.32299700833333345
1969-12-01,-0.304083,0.47949400833333344
1970-01-01,-0.451853,0.33172400833333343
1970-02-01,-0.454674,0.3289030083333334
1970-03-01,-0.579331,0.2042460083333334
1970-04-01,-0.534634,0.24894300833333338
1970-05-01,-0.570327,0.2132500083333334
1970-06-01,-0.58653,0.19704700833333344
1970-07-01,-0.528932,0.2546450083333335
1970-08-01,-0.658371,0.1252060083333334
1970-09-01,-0.541796,0.24178100833333338
1970-10-01,-0.644073,0.13950400833333343
1970-11-01,-0.586795,0.19678200833333348
1970-12-01,-0.71379,0.0697870083333334
1971-01-01,-0.683362,0.10021500833333341
1971-02-01,-0.810629,-0.027051991666666608
1971-03-01,-0.792134,-0.008556991666666569
1971-04-01,-0.708368,0.07520900833333344
1971-05-01,-0.633299,0.1502780083333335
1971-06-01,-0.71325,0.07032700833333339
1971-07-01,-0.616552,0.16702500833333345
1971-08-01,-0.63677,0.1468070083333335
1971-09-01,-0.567858,0.21571900833333346
1971-10-01,-0.723199,0.0603780083333334
1971-11-01,-0.706966,0.07661100833333345
1971-12-01,-0.674237,0.10934000833333346
1972-01-01,-0.777485,0.006092008333333454
1972-02-01,-0.782371,0.001206008333333397
1972-03-01,-0.590923,0.19265400833333346
1972-04-01,-0.595867,0.1877100083333334
1972-05-01,-0.568049,0.2155280083333334
1972-06-01,-0.471013,0.3125640083333334
1972-07-01,-0.495655,0.2879220083333334
1972-08-01,-0.380598,0.40297900833333344
1972-09-01,-0.514339,0.26923800833333345
1972-10-01,-0.505738,0.2778390083333334
1972-11-01,-0.582265,0.2013120083333334
1972-12-01,-0.370945,0.4126320083333334
1973-01-01,-0.327507,0.45607000833333344
1973-02-01,-0.333688,0.44988900833333345
1973-03-01,-0.399938,0.3836390083333334
1973-04-01,-0.320768,0.46280900833333344
1973-05-01,-0.358051,0.4255260083333334
1973-06-01,-0.331935,0.45164200833333346
1973-07-01,-0.440192,0.3433850083333334
1973-08-01,-0.513567,0.27001000833333344
1973-09-01,-0.52007,0.2635070083333334
1973-10-01,-0.534323,0.24925400833333344
1973-11-01,-0.584177,0.1994000083333335
1973-12-01,-0.595015,0.18856200833333348
1974-01-01,-0.696464,0.08711300833333346
1974-02-01,-0.897709,-0.11413199166666654
1974-03-01,-0.730757,0.052820008333333446
1974-04-01,-0.677399,0.10617800833333346
1974-05-01,-0.565493,0.2180840083333334
1974-06-01,-0.578607,0.20497000833333345
1974-07-01,-0.556385,0.22719200833333342
1974-08-01,-0.475714,0.3078630083333334
1974-09-01,-0.640673,0.1429040083333334
1974-10-01,-0.642585,0.14099200833333347
1974-11-01,-0.702938,0.08063900833333348
1974-12-01,-0.705167,0.07841000833333345
1975-01-01,-0.585351,0.19822600833333348
1975-02-01,-0.561246,0.2223310083333334
1975-03-01,-0.533423,0.25015400833333346
1975-04-01,-0.560813,0.22276400833333343
1975-05-01,-0.46394,0.3196370083333334
1975-06-01,-0.523238,0.26033900833333345
1975-07-01,-0.561495,0.22208200833333347
1975-08-01,-0.708404,0.0751730083333334
1975-09-01,-0.596408,0.1871690083333334
1975-10-01,-0.760588,0.022989008333333394
1975-11-01,-0.783185,0.00039200833333341567
1975-12-01,-0.721925,0.0616520083333334
1976-01-01,-0.641834,0.14174300833333342
1976-02-01,-0.719101,0.06447600833333345
1976-03-01,-0.837948,-0.05437099166666659
1976-04-01,-0.649748,0.13382900833333344
1976-05-01,-0.754499,0.029078008333333405
1976-06-01,-0.641061,0.14251600833333344
1976-07-01,-0.557891,0.2256860083333334
1976-08-01,-0.644222,0.13935500833333347
1976-09-01,-0.59015,0.19342700833333348
1976-10-01,-0.832261,-0.04868399166666659
1976-11-01,-0.687283,0.09629400833333346
1976-12-01,-0.472406,0.31117100833333344
1977-01-01,-0.406531,0.37704600833333346
1977-02-01,-0.469026,0.31455100833333344
1977-03-01,-0.460233,0.32334400833333343
1977-04-01,-0.386893,0.39668400833333345
1977-05-01,-0.304837,0.4787400083333334
1977-06-01,-0.295931,0.48764600833333344
1977-07-01,-0.332317,0.45126000833333346
1977-08-01,-0.368565,0.41501200833333346
1977-09-01,-0.487411,0.29616600833333345
1977-10-01,-0.520338,0.26323900833333347
1977-11-01,-0.401665,0.38191200833333344
1977-12-01,-0.495765,0.2878120083333334
1978-01-01,-0.494657,0.2889200083333334
1978-02-01,-0.491055,0.2925220083333334
1978-03-01,-0.456463,0.32711400833333343
1978-04-01,-0.490876,0.29270100833333346
1978-05-01,-0.47374,0.30983700833333344
1978-06-01,-0.539834,0.2437430083333334
1978-07-01,-0.450225,0.33335200833333345
1978-08-01,-0.649774,0.13380300833333347
1978-09-01,-0.453646,0.32993100833333344
1978-10-01,-0.548024,0.23555300833333348
1978-11-01,-0.420883,0.36269400833333343
1978-12-01,-0.469109,0.31446800833333344
1979-01-01,-0.446208,0.33736900833333344
1979-02-01,-0.682995,0.10058200833333342
1979-03-01,-0.504045,0.27953200833333347
1979-04-01,-0.555869,0.2277080083333335
1979-05-01,-0.465564,0.31801300833333346
1979-06-01,-0.402085,0.3814920083333334
1979-07-01,-0.46967,0.31390700833333346
1979-08-01,-0.400116,0.3834610083333334
1979-09-01,-0.334319,0.44925800833333346
1979-10-01,-0.346254,0.43732300833333343
1979-11-01,-0.331797,0.4517800083333334
1979-12-01,-0.097657,0.6859200083333334
1980-01-01,-0.271059,0.5125180083333334
1980-02-01,-0.213909,0.5696680083333334
1980-03-01,-0.336516,0.44706100833333345
1980-04-01,-0.320615,0.46296200833333345
1980-05-01,-0.222605,0.5609720083333334
1980-06-01,-0.334448,0.4491290083333334
1980-07-01,-0.290406,0.49317100833333344
1980-08-01,-0.342541,0.44103600833333345
1980-09-01,-0.386008,0.3975690083333334
1980-10-01,-0.429999,0.3535780083333334
1980-11-01,-0.347247,0.43633000833333346
1980-12-01,-0.360177,0.4234000083333334
1981-01-01,-0.095304,0.6882730083333335
1981-02-01,-0.239207,0.5443700083333334
1981-03-01,-0.210973,0.5726040083333335
1981-04-01,-0.312554,0.47102300833333344
1981-05-01,-0.316313,0.4672640083333334
1981-06-01,-0.297112,0.48646500833333345
1981-07-01,-0.305034,0.4785430083333334
1981-08-01,-0.256515,0.5270620083333335
1981-09-01,-0.401166,0.3824110083333334
1981-10-01,-0.384512,0.3990650083333334
1981-11-01,-0.365213,0.4183640083333334
1981-12-01,-0.160285,0.6232920083333334
1982-01-01,-0.527416,0.25616100833333344
1982-02-01,-0.473033,0.31054400833333345
1982-03-01,-0.636213,0.1473640083333334
1982-04-01,-0.490812,0.2927650083333334
1982-05-01,-0.410109,0.37346800833333343
1982-06-01,-0.494043,0.2895340083333334
1982-07-01,-0.377671,0.40590600833333346
1982-08-01,-0.497652,0.28592500833333345
1982-09-01,-0.441025,0.34255200833333344
1982-10-01,-0.459579,0.3239980083333334
1982-11-01,-0.480591,0.30298600833333345
1982-12-01,-0.169541,0.6140360083333334
1983-01-01,-0.142214,0.6413630083333335
1983-02-01,-0.199883,0.5836940083333334
1983-03-01,-0.270935,0.5126420083333334
1983-04-01,-0.379901,0.40367600833333345
1983-05-01,-0.236421,0.5471560083333334
1983-06-01,-0.322683,0.46089400833333344
1983-07-01,-0.380366,0.40321100833333345
1983-08-01,-0.253895,0.5296820083333335
1983-09-01,-0.221035,0.5625420083333335
1983-10-01,-0.396365,0.3872120083333334
1983-11-01,-0.278549,0.5050280083333334
1983-12-01,-0.370126,0.4134510083333334
1984-01-01,-0.336433,0.44714400833333345
1984-02-01,-0.46524,0.31833700833333345
1984-03-01,-0.398219,0.38535800833333345
1984-04-01,-0.51413,0.26944700833333346
1984-05-01,-0.248698,0.5348790083333335
1984-06-01,-0.486914,0.2966630083333334
1984-07-01,-0.417297,0.36628000833333346
1984-08-01,-0.400101,0.38347600833333345
1984-09-01,-0.386084,0.39749300833333345
1984-10-01,-0.471178,0.31239900833333345
1984-11-01,-0.557734,0.22584300833333348
1984-12-01,-0.59179,0.1917870083333334
1985-01-01,-0.340924,0.44265300833333343
1985-02-01,-0.612289,0.17128800833333346
1985-03-01,-0.461058,0.3225190083333334
1985-04-01,-0.506333,0.2772440083333334
1985-05-01,-0.400811,0.38276600833333346
1985-06-01,-0.402558,0.3810190083333334
1985-07-01,-0.543671,0.23990600833333342
1985-08-01,-0.422448,0.36112900833333345
1985-09-01,-0.447173,0.33640400833333345
1985-10-01,-0.481408,0.30216900833333343
1985-11-01,-0.527781,0.2557960083333335
1985-12-01,-0.418191,0.36538600833333346
1986-01-01,-0.362395,0.4211820083333334
1986-02-01,-0.252026,0.5315510083333335
1986-03-01,-0.35185,0.43172700833333344
1986-04-01,-0.382695,0.40088200833333343
1986-05-01,-0.333126,0.45045100833333346
1986-06-01,-0.407714,0.3758630083333334
1986-07-01,-0.405061,0.37851600833333343
1986-08-01,-0.39716,0.3864170083333334
1986-09-01,-0.472581,0.31099600833333346
1986-10-01,-0.444705,0.3388720083333334
1986-11-01,-0.467745,0.3158320083333334
1986-12-01,-0.403246,0.38033100833333344
1987-01-01,-0.279452,0.5041250083333335
1987-02-01,-0.269759,0.5138180083333335
1987-03-01,-0.46587,0.31770700833333343
1987-04-01,-0.361079,0.42249800833333345
1987-05-01,-0.28963,0.49394700833333344
1987-06-01,-0.244746,0.5388310083333334
1987-07-01,-0.118247,0.6653300083333334
1987-08-01,-0.302017,0.48156000833333346
1987-09-01,-0.222478,0.5610990083333334
1987-10-01,-0.287535,0.49604200833333345
1987-11-01,-0.367894,0.41568300833333344
1987-12-01,-0.164317,0.6192600083333335
1988-01-01,-0.102219,0.6813580083333335
1988-02-01,-0.199132,0.5844450083333335
1988-03-01,-0.174326,0.6092510083333335
1988-04-01,-0.210353,0.5732240083333334
1988-05-01,-0.150922,0.6326550083333334
1988-06-01,-0.163809,0.6197680083333335
1988-07-01,-0.231775,0.5518020083333335
1988-08-01,-0.204453,0.5791240083333334
1988-09-01,-0.246377,0.5372000083333335
1988-10-01,-0.279067,0.5045100083333334
1988-11-01,-0.474735,0.3088420083333334
1988-12-01,-0.32114,0.46243700833333345
1989-01-01,-0.522471,0.2611060083333334
1989-02-01,-0.339047,0.44453000833333345
1989-03-01,-0.364462,0.4191150083333334
1989-04-01,-0.366688,0.4168890083333334
1989-05-01,-0.411467,0.3721100083333334
1989-06-01,-0.396291,0.38728600833333343
1989-07-01,-0.291782,0.49179500833333345
1989-08-01,-0.294762,0.4888150083333334
1989-09-01,-0.247016,0.5365610083333334
1989-10-01,-0.306667,0.4769100083333334
1989-11-01,-0.457434,0.32614300833333343
1989-12-01,-0.196769,0.5868080083333335
1990-01-01,-0.24922,0.5343570083333334
1990-02-01,-0.268912,0.5146650083333335
1990-03-01,0.028472,0.8120490083333335
1990-04-01,-0.065641,0.7179360083333335
1990-05-01,-0.112923,0.6706540083333334
1990-06-01,-0.226709,0.5568680083333335
1990-07-01,-0.186734,0.5968430083333334
1990-08-01,-0.262586,0.5209910083333334
1990-09-01,-0.292644,0.4909330083333334
1990-10-01,-0.212361,0.5712160083333334
1990-11-01,-0.233305,0.5502720083333335
1990-12-01,-0.199799,0.5837780083333335
1991-01-01,-0.211814,0.5717630083333334
1991-02-01,-0.16753,0.6160470083333334
1991-03-01,-0.307256,0.47632100833333346
1991-04-01,-0.124233,0.6593440083333334
1991-05-01,-0.172022,0.6115550083333334
1991-06-01,-0.059638,0.7239390083333335
1991-07-01,-0.099241,0.6843360083333334
1991-08-01,-0.193823,0.5897540083333335
1991-09-01,-0.182737,0.6008400083333334
1991-10-01,-0.284478,0.4990990083333334
1991-11-01,-0.329061,0.45451600833333344
1991-12-01,-0.318148,0.46542900833333345
1992-01-01,-0.167934,0.6156430083333334
1992-02-01,-0.215109,0.5684680083333334
1992-03-01,-0.204066,0.5795110083333335
1992-04-01,-0.362217,0.4213600083333334
1992-05-01,-0.264355,0.5192220083333334
1992-06-01,-0.313329,0.4702480083333334
1992-07-01,-0.450174,0.3334030083333334
1992-08-01,-0.473274,0.31030300833333346
1992-09-01,-0.567044,0.21653300833333344
1992-10-01,-0.537226,0.24635100833333345
1992-11-01,-0.551528,0.23204900833333342
1992-12-01,-0.406887,0.37669000833333344
1993-01-01,-0.272596,0.5109810083333335
1993-02-01,-0.258955,0.5246220083333335
1993-03-01,-0.314117,0.46946000833333346
1993-04-01,-0.335497,0.44808000833333345
1993-05-01,-0.305073,0.47850400833333345
1993-06-01,-0.307129,0.47644800833333345
1993-07-01,-0.343017,0.4405600083333334
1993-08-01,-0.405223,0.37835400833333344
1993-09-01,-0.422577,0.36100000833333346
1993-10-01,-0.35441,0.42916700833333343
1993-11-01,-0.521683,0.26189400833333343
1993-12-01,-0.378682,0.4048950083333334
1994-01-01,-0.369593,0.41398400833333343
1994-02-01,-0.59499,0.18858700833333342
1994-03-01,-0.358868,0.4247090083333334
1994-04-01,-0.256335,0.5272420083333335
1994-05-01,-0.252131,0.5314460083333334
1994-06-01,-0.193216,0.5903610083333335
1994-07-01,-0.267945,0.5156320083333334
1994-08-01,-0.328356,0.45522100833333345
1994-09-01,-0.250653,0.5329240083333334
1994-10-01,-0.183572,0.6000050083333335
1994-11-01,-0.201525,0.5820520083333334
1994-12-01,-0.242646,0.5409310083333334
1995-01-01,-0.110445,0.6731320083333334
1995-02-01,0.078309,0.8618860083333334
1995-03-01,-0.188326,0.5952510083333334
1995-04-01,-0.158257,0.6253200083333335
1995-05-01,-0.255623,0.5279540083333334
1995-06-01,-0.125381,0.6581960083333335
1995-07-01,-0.070219,0.7133580083333334
1995-08-01,-0.087853,0.6957240083333335
1995-09-01,-0.208884,0.5746930083333335
1995-10-01,-0.184517,0.5990600083333335
1995-11-01,-0.178024,0.6055530083333335
1995-12-01,-0.310629,0.47294800833333345
1996-01-01,-0.341439,0.44213800833333344
1996-02-01,-0.162694,0.6208830083333334
1996-03-01,-0.287921,0.49565600833333345
1996-04-01,-0.297759,0.48581800833333344
1996-05-01,-0.253287,0.5302900083333335
1996-06-01,-0.30571,0.47786700833333345
1996-07-01,-0.192678,0.5908990083333334
1996-08-01,-0.163939,0.6196380083333335
1996-09-01,-0.318998,0.46457900833333343
1996-10-01,-0.398324,0.3852530083333334
1996-11-01,-0.225814,0.5577630083333335
1996-12-01,-0.239505,0.5440720083333335
1997-01-01,-0.357689,0.42588800833333346
1997-02-01,-0.300816,0.48276100833333346
1997-03-01,-0.161271,0.6223060083333334
1997-04-01,-0.237422,0.5461550083333334
1997-05-01,-0.196811,0.5867660083333335
1997-06-01,-0.018063,0.7655140083333334
1997-07-01,-0.170079,0.6134980083333335
1997-08-01,-0.12721,0.6563670083333335
1997-09-01,-0.008277,0.7753000083333335
1997-10-01,0.018615,0.8021920083333335
1997-11-01,0.005502,0.7890790083333334
1997-12-01,-0.037891,0.7456860083333334
1998-01-01,-0.04236,0.7412170083333335
1998-02-01,0.14538,0.9289570083333334
1998-03-01,-0.06062,0.7229570083333334
1998-04-01,0.077147,0.8607240083333334
1998-05-01,0.084213,0.8677900083333334
1998-06-01,0.107361,0.8909380083333335
1998-07-01,0.109179,0.8927560083333335
1998-08-01,0.113993,0.8975700083333334
1998-09-01,-0.116851,0.6667260083333334
1998-10-01,-0.187373,0.5962040083333334
1998-11-01,-0.192027,0.5915500083333334
1998-12-01,-0.035196,0.7483810083333334
1999-01-01,-0.198393,0.5851840083333334
1999-02-01,-0.004671,0.7789060083333335
1999-03-01,-0.316821,0.4667560083333334
1999-04-01,-0.280767,0.5028100083333334
1999-05-01,-0.280078,0.5034990083333335
1999-06-01,-0.192215,0.5913620083333334
1999-07-01,-0.20004,0.5835370083333334
1999-08-01,-0.217981,0.5655960083333335
1999-09-01,-0.167192,0.6163850083333334
1999-10-01,-0.262193,0.5213840083333334
1999-11-01,-0.231873,0.5517040083333334
1999-12-01,-0.15898,0.6245970083333334
2000-01-01,-0.317185,0.46639200833333344
2000-02-01,-0.110383,0.6731940083333334
2000-03-01,-0.159242,0.6243350083333334
2000-04-01,-0.049421,0.7341560083333334
2000-05-01,-0.222146,0.5614310083333334
2000-06-01,-0.18442,0.5991570083333334
2000-07-01,-0.174587,0.6089900083333335
2000-08-01,-0.156565,0.6270120083333335
2000-09-01,-0.158346,0.6252310083333334
2000-10-01,-0.318512,0.4650650083333334
2000-11-01,-0.311513,0.47206400833333345
2000-12-01,-0.32087,0.46270700833333345
2001-01-01,-0.182225,0.6013520083333335
2001-02-01,-0.221027,0.5625500083333335
2001-03-01,-0.132719,0.6508580083333334
2001-04-01,-0.122578,0.6609990083333335
2001-05-01,-0.03699,0.7465870083333335
2001-06-01,-0.059501,0.7240760083333334
2001-07-01,0.004679,0.7882560083333334
2001-08-01,-0.071474,0.7121030083333334
2001-09-01,-0.062948,0.7206290083333334
2001-10-01,-0.13723,0.6463470083333335
2001-11-01,0.054457,0.8380340083333334
2001-12-01,-0.018237,0.7653400083333335
2002-01-01,0.058417,0.8419940083333335
2002-02-01,0.005851,0.7894280083333335
2002-03-01,0.143354,0.9269310083333334
2002-04-01,-0.108988,0.6745890083333335
2002-05-01,0.023791,0.8073680083333334
2002-06-01,-0.04169,0.7418870083333334
2002-07-01,0.037183,0.8207600083333334
2002-08-01,-0.047386,0.7361910083333334
2002-09-01,-0.040014,0.7435630083333334
2002-10-01,-0.050373,0.7332040083333334
2002-11-01,-0.056188,0.7273890083333334
2002-12-01,-0.118892,0.6646850083333334
2003-01-01,0.061874,0.8454510083333334
2003-02-01,-0.051288,0.7322890083333334
2003-03-01,-0.109267,0.6743100083333334
2003-04-01,-0.073071,0.7105060083333334
2003-05-01,-0.022013,0.7615640083333335
2003-06-01,-0.115251,0.6683260083333334
2003-07-01,-0.031298,0.7522790083333334
2003-08-01,0.025371,0.8089480083333335
2003-09-01,0.043594,0.8271710083333335
2003-10-01,0.10827,0.8918470083333334
2003-11-01,-0.066417,0.7171600083333334
2003-12-01,0.114322,0.8978990083333335
2004-01-01,-0.022161,0.7614160083333334
2004-02-01,0.030007,0.8135840083333334
2004-03-01,-0.027199,0.7563780083333335
2004-04-01,-0.049648,0.7339290083333334
2004-05-01,-0.20212,0.5814570083333335
2004-06-01,-0.174603,0.6089740083333335
2004-07-01,-0.226993,0.5565840083333334
2004-08-01,-0.112801,0.6707760083333334
2004-09-01,-0.073252,0.7103250083333335
2004-10-01,-0.005291,0.7782860083333334
2004-11-01,0.063987,0.8475640083333335
2004-12-01,-0.083735,0.6998420083333334
2005-01-01,0.143809,0.9273860083333334
2005-02-01,-0.03344,0.7501370083333334
2005-03-01,0.053046,0.8366230083333335
2005-04-01,0.034036,0.8176130083333334
2005-05-01,0.034102,0.8176790083333334
2005-06-01,0.052862,0.8364390083333334
2005-07-01,0.017379,0.8009560083333335
2005-08-01,-0.017625,0.7659520083333334
2005-09-01,0.075637,0.8592140083333334
2005-10-01,0.10098,0.8845570083333334
2005-11-01,0.119306,0.9028830083333335
2005-12-01,0.102297,0.8858740083333334
2006-01-01,-0.027851,0.7557260083333335
2006-02-01,0.095142,0.8787190083333334
2006-03-01,-0.03078,0.7527970083333334
2006-04-01,-0.097212,0.6863650083333335
2006-05-01,-0.049325,0.7342520083333335
2006-06-01,0.027492,0.8110690083333334
2006-07-01,-0.032254,0.7513230083333334
2006-08-01,0.085439,0.8690160083333335
2006-09-01,0.040485,0.8240620083333334
2006-10-01,0.053462,0.8370390083333334
2006-11-01,0.045785,0.8293620083333334
2006-12-01,0.165711,0.9492880083333335
2007-01-01,0.266096,1.0496730083333334
2007-02-01,0.038625,0.8222020083333335
2007-03-01,-0.00637,0.7772070083333334
2007-04-01,0.130701,0.9142780083333335
2007-05-01,0.034047,0.8176240083333335
2007-06-01,-0.018242,0.7653350083333335
2007-07-01,0.009439,0.7930160083333334
2007-08-01,-0.036807,0.7467700083333334
2007-09-01,-0.015979,0.7675980083333335
2007-10-01,-0.025631,0.7579460083333335
2007-11-01,-0.066014,0.7175630083333334
2007-12-01,-0.135273,0.6483040083333335
2008-01-01,-0.361123,0.4224540083333334
2008-02-01,-0.330023,0.4535540083333334
2008-03-01,0.023516,0.8070930083333334
2008-04-01,-0.131787,0.6517900083333334
2008-05-01,-0.083921,0.6996560083333334
2008-06-01,-0.126838,0.6567390083333334
2008-07-01,0.001562,0.7851390083333334
2008-08-01,-0.070212,0.7133650083333334
2008-09-01,-0.014735,0.7688420083333334
2008-10-01,0.052754,0.8363310083333334
2008-11-01,0.065758,0.8493350083333334
2008-12-01,-0.012831,0.7707460083333334
2009-01-01,0.051135,0.8347120083333335
2009-02-01,-0.113441,0.6701360083333334
2009-03-01,-0.146852,0.6367250083333335
2009-04-01,-0.080201,0.7033760083333335
2009-05-01,0.019547,0.8031240083333334
2009-06-01,0.081231,0.8648080083333334
2009-07-01,0.136672,0.9202490083333335
2009-08-01,0.088898,0.8724750083333335
2009-09-01,0.139241,0.9228180083333335
2009-10-01,0.066988,0.8505650083333335
2009-11-01,0.125752,0.9093290083333334
2009-12-01,0.089677,0.8732540083333334
2010-01-01,0.123451,0.9070280083333334
2010-02-01,0.161578,0.9451550083333334
2010-03-01,0.208248,0.9918250083333334
2010-04-01,0.220687,1.0042640083333334
2010-05-01,0.167446,0.9510230083333334
2010-06-01,0.09195,0.8755270083333334
2010-07-01,0.071025,0.8546020083333334
2010-08-01,0.034732,0.8183090083333334
2010-09-01,0.030161,0.8137380083333334
2010-10-01,0.059186,0.8427630083333334
2010-11-01,0.145692,0.9292690083333335
2010-12-01,-0.09929,0.6842870083333334
2011-01-01,-0.066751,0.7168260083333334
2011-02-01,-0.13737,0.6462070083333334
2011-03-01,-0.02862,0.7549570083333335
2011-04-01,0.022846,0.8064230083333335
2011-05-01,-0.050922,0.7326550083333334
2011-06-01,0.013885,0.7974620083333335
2011-07-01,0.109338,0.8929150083333335
2011-08-01,0.086824,0.8704010083333334
2011-09-01,0.007192,0.7907690083333334
2011-10-01,0.037899,0.8214760083333335
2011-11-01,-0.07107,0.7125070083333335
2011-12-01,-0.018928,0.7646490083333335
2012-01-01,-0.124727,0.6588500083333334
2012-02-01,-0.139714,0.6438630083333334
2012-03-01,-0.147856,0.6357210083333334
2012-04-01,0.069177,0.8527540083333335
2012-05-01,0.14303,0.9266070083333334
2012-06-01,0.095133,0.8787100083333335
2012-07-01,0.037283,0.8208600083333334
2012-08-01,0.058437,0.8420140083333334
2012-09-01,0.118946,0.9025230083333334
2012-10-01,0.152963,0.9365400083333334
2012-11-01,0.1244,0.9079770083333334
2012-12-01,-0.088039,0.6955380083333335
2013-01-01,0.06304,0.8466170083333334
2013-02-01,-0.0613,0.7222770083333334
2013-03-01,-0.038707,0.7448700083333334
2013-04-01,-0.046527,0.7370500083333335
2013-05-01,0.058082,0.8416590083333334
2013-06-01,0.111407,0.8949840083333335
2013-07-01,0.031792,0.8153690083333335
2013-08-01,0.073821,0.8573980083333335
2013-09-01,0.142078,0.9256550083333335
2013-10-01,0.047272,0.8308490083333334
2013-11-01,0.171381,0.9549580083333334
2013-12-01,0.094476,0.8780530083333334
2014-01-01,0.130366,0.9139430083333334
2014-02-01,-0.077177,0.7064000083333335
2014-03-01,0.123161,0.9067380083333334
2014-04-01,0.136833,0.9204100083333334
2014-05-01,0.217677,1.0012540083333334
2014-06-01,0.116753,0.9003300083333334
2014-07-01,0.05145,0.8350270083333334
2014-08-01,0.207271,0.9908480083333334
2014-09-01,0.199106,0.9826830083333334
2014-10-01,0.156118,0.9396950083333334
2014-11-01,0.042871,0.8264480083333334
2014-12-01,0.196565,0.9801420083333334
2015-01-01,0.193743,0.9773200083333334
2015-02-01,0.199439,0.9830160083333335
2015-03-01,0.240114,1.0236910083333335
2015-04-01,0.156382,0.9399590083333335
2015-05-01,0.206278,0.9898550083333334
2015-06-01,0.24394,1.0275170083333334
2015-07-01,0.178918,0.9624950083333335
2015-08-01,0.209272,0.9928490083333334
2015-09-01,0.291024,1.0746010083333335
2015-10-01,0.423399,1.2069760083333334
2015-11-01,0.400159,1.1837360083333335
2015-12-01,0.488433,1.2720100083333334
2016-01-01,0.544292,1.3278690083333333
2016-02-01,0.662281,1.4458580083333334
2016-03-01,0.633433,1.4170100083333335
2016-04-01,0.469668,1.2532450083333333
2016-05-01,0.339994,1.1235710083333335
2016-06-01,0.228451,1.0120280083333335
2016-07-01,0.269453,1.0530300083333335
2016-08-01,0.376163,1.1597400083333333
2016-09-01,0.326396,1.1099730083333335
2016-10-01,0.229411,1.0129880083333334
2016-11-01,0.298782,1.0823590083333334
2016-12-01,0.288133,1.0717100083333335
2017-01-01,0.423976,1.2075530083333335
2017-02-01,0.463982,1.2475590083333334
2017-03-01,0.434073,1.2176500083333335
2017-04-01,0.310016,1.0935930083333334
2017-05-01,0.312322,1.0958990083333333
2017-06-01,0.178409,0.9619860083333335
2017-07-01,0.268615,1.0521920083333334
2017-08-01,0.278432,1.0620090083333333
2017-09-01,0.255606,1.0391830083333335
2017-10-01,0.293772,1.0773490083333335
2017-11-01,0.263576,1.0471530083333334
2017-12-01,0.36284,1.1464170083333334
2018-01-01,0.231286,1.0148630083333334
2018-02-01,0.258256,1.0418330083333334
2018-03-01,0.217092,1.0006690083333334
2018-04-01,0.272898,1.0564750083333334
2018-05-01,0.25847,1.0420470083333333
2018-06-01,0.208456,0.9920330083333334
2018-07-01,0.24295,1.0265270083333333
2018-08-01,0.213659,0.9972360083333334
2018-09-01,0.207438,0.9910150083333334
2018-10-01,0.392956,1.1765330083333334
2018-11-01,0.228569,1.0121460083333333
2018-12-01,0.350201,1.1337780083333335
2019-01-01,0.326217,1.1097940083333335
2019-02-01,0.274557,1.0581340083333335
2019-03-01,0.491238,1.2748150083333334
2019-04-01,0.412299,1.1958760083333335
2019-05-01,0.330443,1.1140200083333334
2019-06-01,0.328299,1.1118760083333334
2019-07-01,0.350216,1.1337930083333334
2019-08-01,0.350408,1.1339850083333334
2019-09-01,0.345089,1.1286660083333335
2019-10-01,0.438803,1.2223800083333334
2019-11-01,0.387289,1.1708660083333333
2019-12-01,0.544572,1.3281490083333334
2020-01-01,0.556596,1.3401730083333334
2020-02-01,0.56653,1.3501070083333335
2020-03-01,0.459613,1.2431900083333334
2020-04-01,0.499237,1.2828140083333335
2020-05-01,0.417387,1.2009640083333335
2020-06-01,0.349608,1.1331850083333335
2020-07-01,0.331404,1.1149810083333334
2020-08-01,0.307817,1.0913940083333333
2020-09-01,0.386504,1.1700810083333335
2020-10-01,0.296294,1.0798710083333334
2020-11-01,0.459481,1.2430580083333334
2020-12-01,0.227442,1.0110190083333335
2021-01-01,0.213289,0.9968660083333334
2021-02-01,0.009091,0.7926680083333334
2021-03-01,0.217771,1.0013480083333335
2021-04-01,0.174459,0.9580360083333335
2021-05-01,0.236579,1.0201560083333334
2021-06-01,0.252162,1.0357390083333335
2021-07-01,0.320447,1.1040240083333335
2021-08-01,0.284926,1.0685030083333333
2021-09-01,0.329311,1.1128880083333335
2021-10-01,0.372329,1.1559060083333335
2021-11-01,0.316894,1.1004710083333333
2021-12-01,0.28836,1.0719370083333335
2022-01-01,0.309923,1.0935000083333335
2022-02-01,0.252295,1.0358720083333335
2022-03-01,0.400945,1.1845220083333334
2022-04-01,0.25322,1.0367970083333335
2022-05-01,0.232713,1.0162900083333335
2022-06-01,0.336423,1.1200000083333335
2022-07-01,0.326591,1.1101680083333334
2022-08-01,0.323673,1.1072500083333334
2022-09-01,0.269387,1.0529640083333334
2022-10-01,0.356212,1.1397890083333335
2022-11-01,0.146474,0.9300510083333334
2022-12-01,0.232209,1.0157860083333334
2023-01-01,0.270883,1.0544600083333333
2023-02-01,0.3623,1.1458770083333334
2023-03-01,0.55409,1.3376670083333333
2023-04-01,0.361585,1.1451620083333334
2023-05-01,0.374343,1.1579200083333334
2023-06-01,0.477703,1.2612800083333333
2023-07-01,0.58977,1.3733470083333335
2023-08-01,0.654556,1.4381330083333335
2023-09-01,0.80193,1.5855070083333334
2023-10-01,0.742309,1.5258860083333334
2023-11-01,0.787325,1.5709020083333334
2023-12-01,0.758338,1.5419150083333335
2024-01-01,0.680779,1.4643560083333336
2024-02-01,0.746941,1.5305180083333334
2024-03-01,0.638593,1.4221700083333335
2024-04-01,0.63165,1.4152270083333334
2024-05-01,0.562741,1.3463180083333335
2024-06-01,0.588215,1.3717920083333335
2024-07-01,0.606984,1.3905610083333335
2024-08-01,0.647681,1.4312580083333333
2024-09-01,0.614461,1.3980380083333335
2024-10-01,0.706265,1.4898420083333335
2024-11-01,0.69126,1.4748370083333335
2024-12-01,0.659724,1.4433010083333335
2025-01-01,0.694615,1.4781920083333335
2025-02-01,0.580604,1.3641810083333334
2025-03-01,0.647142,1.4307190083333334
2025-04-01,0.566509,1.3500860083333335
2025-05-01,0.472141,1.2557180083333335
2025-06-01,0.372019,1.1555960083333334
2025-07-01,0.379551,1.1631280083333335
2025-08-01,0.460473,1.2440500083333335
2025-09-01,0.532376,1.3159530083333335
2025-10-01,0.538097,1.3216740083333334
2025-11-01,0.52393,1.3075070083333333
2025-12-01,0.436583,1.2201600083333335
2026-01-01,0.492453,1.2760300083333334
2026-02-01,0.514991,1.2985680083333335
2026-03-01,0.533967,1.3175440083333334
2026-04-01,0.507422,1.2909990083333334
2026-05-01,0.498356,1.2819330083333336
2026-06-01,0.521217,1.3047940083333334
2026-07-01,0.602222,1.3857990083333336
